Order ID,Order Date,Region,Category,Sub-Category,Sales,Profit,Discount,Quantity,Customer Segment
7d9b253a,01-01-2023,East,Furniture,Laptops,786,-3.6,10,4,Consumer
0284b91b,02-01-2023,West,Clothing,Laptops,361.29,227.11,20,2,Small Business
acb9ec0e,03-01-2023,North,Electronics,Laptops,418.01,186.54,5,4,Consumer
7e9be348,04-01-2023,East,Electronics,Chairs,554.12,-45,20,4,Corporate
e275c7d4,05-01-2023,East,Electronics,Laptops,832.23,-83.98,5,4,Consumer
0f8dd6d1,06-01-2023,West,Electronics,Chairs,78.03,29.12,25,3,Small Business
e87133e0,07-01-2023,North,Electronics,,,190.67,,2,Consumer
9f7de677,08-01-2023,North,Electronics,T-Shirts,91.79,280.08,5,1,Small Business
6e4b6e38,09-01-2023,East,Electronics,Chairs,519.51,181.79,5,3,Small Business
b86ecf76,10-01-2023,South,Furniture,T-Shirts,899.91,227.6,10,1,Consumer
9e8c2573,11-01-2023,East,Clothing,Chairs,784.66,101.53,10,1,Corporate
a2a9b5ec,12-01-2023,East,Electronics,T-Shirts,235.56,217.7,25,3,Consumer
0491f17e,13-01-2023,East,Furniture,Laptops,976.23,192.21,5,3,Corporate
d69edfc5,14-01-2023,East,Furniture,Laptops,670.68,-11.51,15,2,Corporate
b619e3f0,15-01-2023,West,Clothing,Laptops,20.32,76,25,2,Consumer
b69872d3,16-01-2023,North,Electronics,Chairs,262.86,202.38,5,4,Corporate
ddb44058,17-01-2023,West,Clothing,T-Shirts,268.11,-176.97,5,1,Corporate
b1a884b5,18-01-2023,West,Electronics,Laptops,78.56,204.04,10,2,Consumer
9696cc93,19-01-2023,West,Furniture,T-Shirts,960.23,-111.06,25,4,Consumer
210fbb4e,20-01-2023,East,Furniture,T-Shirts,483.47,57.34,5,2,Consumer
6cf79ccd,21-01-2023,South,Furniture,Laptops,896.86,204.14,5,3,Corporate
d61d6dc9,22-01-2023,North,Furniture,Laptops,328.99,-73.09,25,2,Small Business
7d302987,23-01-2023,South,Clothing,T-Shirts,133.98,-77.1,15,1,Corporate
74c7bc1c,24-01-2023,West,Electronics,Laptops,479.59,1.38,25,2,Small Business
da2582d4,25-01-2023,West,Electronics,Laptops,122.82,247.32,25,1,Consumer
189863d7,26-01-2023,South,Clothing,Laptops,491.16,-199.78,15,3,Small Business
4b5376e1,27-01-2023,South,Electronics,Chairs,921.09,250.69,25,1,Consumer
da11817a,28-01-2023,South,Furniture,T-Shirts,525.56,-123.1,5,2,Consumer
f83555ac,29-01-2023,West,Electronics,T-Shirts,620.33,295.04,25,4,Small Business
248ea10b,30-01-2023,West,Furniture,Chairs,165.07,277.42,15,3,Consumer
736f941c,31-01-2023,North,Clothing,T-Shirts,53.3,47.34,20,2,Small Business
aec79b58,01-02-2023,North,Electronics,Laptops,119.7,56.36,25,3,Consumer
c778170e,02-02-2023,West,Clothing,T-Shirts,602.55,40.77,10,3,Corporate
f1fc9b69,03-02-2023,South,Electronics,Laptops,104.06,117.72,5,2,Corporate
46c588fd,04-02-2023,South,Furniture,Chairs,382.23,-154.64,5,2,Consumer
4596df72,05-02-2023,North,Clothing,Laptops,554.59,-183.69,10,4,Consumer
5f021935,06-02-2023,West,Electronics,T-Shirts,394.77,-171.15,10,3,Small Business
f4d74a0b,07-02-2023,North,Furniture,T-Shirts,172.05,22.18,25,3,Corporate
3e5117d5,08-02-2023,North,Clothing,T-Shirts,281.05,-62.23,10,2,Small Business
ec265131,09-02-2023,East,Clothing,Chairs,929.03,111.02,20,1,Consumer
439c839d,10-02-2023,East,Electronics,Chairs,679.22,296.22,15,2,Consumer
135a0586,11-02-2023,East,Electronics,T-Shirts,501.09,-6.84,10,3,Small Business
dddae595,12-02-2023,South,Electronics,Laptops,22.59,86.92,10,2,Consumer
fa160e50,13-02-2023,West,Furniture,Chairs,992.49,7.8,20,4,Corporate
f2923d6f,14-02-2023,West,Electronics,T-Shirts,674.74,223.64,5,1,Small Business
6b01cbe6,15-02-2023,West,Clothing,,,251.12,,2,Corporate
a8fff8dd,16-02-2023,West,Clothing,Chairs,880.48,238.68,25,4,Corporate
6e60314b,17-02-2023,East,Electronics,Chairs,265.85,287.19,20,3,Corporate
a63a1e43,18-02-2023,South,Electronics,Chairs,548.58,-186.24,15,2,Small Business
e5eac61c,19-02-2023,South,Clothing,Laptops,639.71,219.91,15,3,Consumer
a44f6142,20-02-2023,East,Furniture,Laptops,228.85,175.89,20,4,Corporate
9e5982d7,21-02-2023,South,Electronics,T-Shirts,978.61,-85.65,15,3,Corporate
e16775b1,22-02-2023,East,Electronics,Chairs,750.71,278.16,5,4,Corporate
30ac666a,23-02-2023,West,Clothing,Laptops,562.24,-125.91,15,4,Consumer
f34dbef6,24-02-2023,East,Electronics,Chairs,188.79,139.77,15,4,Consumer
a879f22c,25-02-2023,West,Furniture,T-Shirts,63.32,-87.55,20,2,Small Business
6f13b6b8,26-02-2023,West,Clothing,Laptops,326.86,15.69,20,3,Consumer
18479cd2,27-02-2023,North,Electronics,Laptops,755.66,159.58,15,3,Small Business
b59ee39e,28-02-2023,East,Clothing,Laptops,276.64,81.66,10,1,Small Business
27f6b5dc,01-03-2023,North,Electronics,T-Shirts,544.16,13.75,20,1,Small Business
011fdc1b,02-03-2023,East,Electronics,Chairs,730.67,-36.83,25,1,Small Business
3a550fa9,03-03-2023,East,Electronics,Laptops,116.86,219.83,25,1,Small Business
503aaee1,04-03-2023,North,Furniture,T-Shirts,688.45,-128.09,5,3,Corporate
dd328323,05-03-2023,North,Furniture,Chairs,100.95,15.05,15,4,Consumer
dd39d1a6,06-03-2023,East,Clothing,T-Shirts,965.48,251.88,10,4,Corporate
b9da5b8d,07-03-2023,South,Electronics,Chairs,493.51,222.92,5,2,Small Business
51d26500,08-03-2023,West,Electronics,T-Shirts,159.17,0.47,15,4,Consumer
e9a90b0d,09-03-2023,North,Furniture,Chairs,348.96,181.55,20,3,Corporate
91236878,10-03-2023,West,Electronics,Laptops,419.28,211.58,25,3,Corporate
f6e0b250,11-03-2023,South,Furniture,Chairs,760.6,244.44,10,3,Small Business
6d81c49a,12-03-2023,South,Electronics,T-Shirts,745.99,72.25,25,2,Corporate
1482c4f3,13-03-2023,South,Clothing,T-Shirts,615.82,-97.77,20,1,Corporate
4c760bad,14-03-2023,North,Electronics,Chairs,114.87,-72.35,15,4,Corporate
ddf98e83,15-03-2023,South,Electronics,Laptops,160.05,-52.15,20,3,Corporate
285663d1,16-03-2023,North,Furniture,Laptops,102.82,96.9,20,3,Corporate
5d4ea60b,17-03-2023,South,Electronics,Chairs,581.4,-183.6,25,1,Small Business
82c3eb34,18-03-2023,West,Electronics,Chairs,878.37,118.02,10,3,Small Business
3d851c92,19-03-2023,West,Furniture,T-Shirts,439.46,-17.82,20,4,Corporate
7b5c2746,20-03-2023,East,Clothing,Laptops,169.24,-52.38,25,2,Small Business
8e233ebd,21-03-2023,West,Clothing,Chairs,562.46,239.75,10,3,Small Business
b64003e0,22-03-2023,East,Furniture,Laptops,813.63,30,15,4,Consumer
8b27d022,23-03-2023,West,Furniture,Chairs,744.29,-152.47,15,3,Corporate
0f07a441,24-03-2023,North,Furniture,Chairs,882.64,213.37,5,1,Small Business
0ecacc4b,25-03-2023,West,Furniture,Laptops,285.12,-176.18,25,3,Small Business
bc394266,26-03-2023,East,Furniture,Chairs,202.01,163.37,10,3,Corporate
98699cab,27-03-2023,East,Clothing,Chairs,881.02,186.95,20,2,Consumer
e704656c,28-03-2023,South,Clothing,T-Shirts,660.98,-23.7,15,1,Corporate
e805b28f,29-03-2023,North,Furniture,Chairs,317.82,212.39,10,1,Consumer
90aef11c,30-03-2023,West,Electronics,Chairs,744.92,57.83,25,2,Corporate
07d7e74a,31-03-2023,South,Furniture,Chairs,816.97,31.65,5,3,Corporate
b0fe0d59,01-04-2023,West,Electronics,T-Shirts,618.83,-177.3,15,4,Corporate
c6b58dda,02-04-2023,West,Furniture,Laptops,691.01,-54.99,10,1,Corporate
78344a00,03-04-2023,South,Furniture,T-Shirts,381.51,265.5,10,1,Consumer
3830e499,04-04-2023,South,Clothing,T-Shirts,543.31,-4.09,10,3,Consumer
aa3aef84,05-04-2023,South,Electronics,Laptops,528.92,73.35,25,3,Small Business
11e6cda0,06-04-2023,South,Electronics,T-Shirts,849.57,66.01,25,1,Corporate
2b25536e,07-04-2023,South,Clothing,Laptops,841.56,95.22,25,3,Consumer
e038a1ee,08-04-2023,West,Clothing,T-Shirts,834.35,-169.33,20,4,Consumer
b49d32c9,09-04-2023,South,Clothing,Laptops,20.92,-18.91,10,1,Consumer
f864210a,10-04-2023,North,Clothing,Chairs,752.05,161.56,15,4,Corporate
a7b5cf13,11-04-2023,East,Electronics,T-Shirts,761.09,-99.72,25,4,Small Business
c8da10bb,12-04-2023,South,Electronics,T-Shirts,681.6,-98.21,25,3,Consumer
2ce459e5,13-04-2023,South,Furniture,T-Shirts,758.7,-194.95,10,4,Corporate
bedc4ab9,14-04-2023,West,Furniture,T-Shirts,843.55,18.74,25,3,Consumer
6b7345e3,15-04-2023,South,Clothing,Chairs,475.62,241.37,20,2,Consumer
03cb9995,16-04-2023,South,Clothing,T-Shirts,507.03,-174.05,20,3,Small Business
02bd9ae4,17-04-2023,South,Clothing,Chairs,133.47,-104.44,25,4,Consumer
0976a51e,18-04-2023,West,Furniture,Chairs,391.52,-44.96,10,2,Consumer
cdcd0eea,19-04-2023,South,Furniture,Chairs,646.93,165.86,10,3,Corporate
ab484ab2,20-04-2023,East,Furniture,Chairs,782.6,120.32,10,4,Corporate
484767b7,21-04-2023,West,Furniture,Laptops,225.04,7.97,5,1,Small Business
945d3107,22-04-2023,East,Furniture,Laptops,146.44,179.53,25,1,Corporate
a7a07534,23-04-2023,West,Furniture,,,104.82,,3,Corporate
7d3d5c53,24-04-2023,South,Furniture,Laptops,11.86,248.02,20,3,Small Business
caf9e099,25-04-2023,East,Clothing,Laptops,186.59,209.01,15,1,Consumer
46e60391,26-04-2023,West,Clothing,T-Shirts,38.78,-73.59,15,4,Small Business
5a7455dd,27-04-2023,North,Clothing,T-Shirts,175.22,-64.28,10,4,Corporate
a068b145,28-04-2023,South,Clothing,T-Shirts,189.51,-137.32,15,4,Small Business
6e95378a,29-04-2023,West,Furniture,Laptops,393.8,-31.52,,3,Consumer
5b7aad36,30-04-2023,North,Electronics,Laptops,408.3,299.77,5,2,Small Business
6c836e0a,01-05-2023,West,Furniture,T-Shirts,875.52,2.88,20,2,Corporate
1e11098c,02-05-2023,North,Electronics,Chairs,515.01,-89.76,20,2,Corporate
739d600b,03-05-2023,South,Clothing,T-Shirts,726.17,181.24,5,2,Small Business
c53152d9,04-05-2023,East,Furniture,Chairs,113.1,71.24,5,2,Consumer
402257f9,05-05-2023,North,Clothing,Chairs,233.18,-125.2,15,3,Small Business
4911dce9,06-05-2023,West,Furniture,T-Shirts,705.91,-9.66,25,3,Consumer
af21e827,07-05-2023,South,Clothing,T-Shirts,62.28,7.23,15,2,Consumer
8250812f,08-05-2023,North,Electronics,T-Shirts,491.73,176.91,5,3,Small Business
6cc0ae57,09-05-2023,West,Electronics,Laptops,603.38,-189.66,20,3,Consumer
4159f5c0,10-05-2023,West,Electronics,Chairs,606.12,-65.49,15,2,Corporate
31bdd2ee,11-05-2023,West,Furniture,Laptops,32.7,58.8,25,4,Small Business
31582fff,12-05-2023,North,Electronics,Laptops,328.89,-65.58,15,3,Consumer
3e653ec6,13-05-2023,North,Furniture,T-Shirts,640.13,114.22,10,4,Corporate
7dd211fb,14-05-2023,North,Electronics,Laptops,157.51,40.93,15,3,Small Business
8d38bed0,15-05-2023,East,Electronics,T-Shirts,698.46,-19.14,5,3,Corporate
67fbdb3f,16-05-2023,North,Furniture,Chairs,748.47,274.6,20,2,Corporate
c8abf1fc,17-05-2023,North,Furniture,T-Shirts,982.15,116.08,20,3,Corporate
2dc83c0c,18-05-2023,North,Electronics,Laptops,217.74,-135.03,5,1,Consumer
61cdcb6e,19-05-2023,East,Furniture,Laptops,826.88,80.05,10,1,Small Business
514070ff,20-05-2023,North,Electronics,T-Shirts,525.09,190.37,5,2,Small Business
4241669,21-05-2023,West,Furniture,T-Shirts,379.73,154.24,15,4,Consumer
70ffdf6c,22-05-2023,North,Clothing,Laptops,131.15,-113.96,5,4,Small Business
8cbf6fda,23-05-2023,West,Clothing,Chairs,738.15,286.21,5,4,Corporate
39a140e4,24-05-2023,West,Clothing,Chairs,243.5,24.41,10,1,Small Business
3bbd96bc,25-05-2023,West,Clothing,T-Shirts,377.71,-120.49,15,4,Consumer
a4403680,26-05-2023,East,Clothing,Chairs,71.92,-109.9,25,4,Corporate
6.29E+231,27-05-2023,East,Electronics,Laptops,803.35,-150.88,25,2,Consumer
8b4ed1f7,28-05-2023,East,Clothing,T-Shirts,768.92,201.76,20,4,Corporate
ad0253d0,29-05-2023,North,Clothing,Laptops,736.28,-138.98,5,1,Corporate
c4ff5c2e,30-05-2023,West,Clothing,Laptops,306.45,-137.44,20,1,Small Business
cb75e093,31-05-2023,East,Clothing,Chairs,181.75,225.24,10,1,Corporate
284e8e76,01-06-2023,East,Furniture,T-Shirts,641.18,-27.7,25,2,Consumer
d6c6133d,02-06-2023,North,Electronics,,,-184.57,,2,Small Business
799bed23,03-06-2023,East,Clothing,Chairs,186.47,-174.05,10,3,Consumer
30ace52a,04-06-2023,North,Clothing,Laptops,689.05,-128.91,10,4,Corporate
4a95482e,05-06-2023,South,Clothing,Laptops,991.22,-93.3,5,2,Consumer
5a74f454,06-06-2023,East,Electronics,Laptops,749.75,132.57,10,1,Consumer
ccc918ad,07-06-2023,South,Furniture,Laptops,742.59,-121.34,5,1,Corporate
102b1fe3,08-06-2023,North,Electronics,T-Shirts,950.81,-140.56,5,2,Small Business
489a82e1,09-06-2023,West,Furniture,T-Shirts,210.91,182.36,15,2,Consumer
5fe4160a,10-06-2023,East,Clothing,Chairs,569.89,135.53,20,2,Corporate
16e84cfd,11-06-2023,North,Clothing,Chairs,979.85,17.66,10,3,Small Business
dfe47621,12-06-2023,West,Electronics,T-Shirts,173.64,74.65,10,1,Small Business
e57a25ec,13-06-2023,West,Electronics,T-Shirts,703.25,-44.01,15,3,Small Business
24a7d203,14-06-2023,South,Furniture,Laptops,589.95,41.25,15,3,Consumer
5847d5eb,15-06-2023,North,Furniture,Laptops,590.61,53.34,15,4,Consumer
fc130e7f,16-06-2023,West,Electronics,Chairs,700.69,-6.38,25,1,Consumer
fbca1d27,17-06-2023,East,Furniture,T-Shirts,930.32,253.29,25,1,Small Business
480eea3d,18-06-2023,East,Electronics,Chairs,784.76,-191.97,25,2,Consumer
471d255a,19-06-2023,South,Furniture,T-Shirts,65.57,191.09,5,2,Corporate
8178b7fe,20-06-2023,West,Electronics,Laptops,854.2,-137.81,10,4,Consumer
63c69cbe,21-06-2023,North,Electronics,Chairs,233.29,198.77,20,3,Consumer
57bb7167,22-06-2023,East,Electronics,Chairs,383.15,107.96,5,2,Small Business
e8ad15d8,23-06-2023,West,Furniture,T-Shirts,467.12,221.64,10,2,Consumer
bd592297,24-06-2023,West,Furniture,Laptops,486.1,-151.24,10,1,Corporate
0cd8b78f,25-06-2023,South,Furniture,Chairs,440.83,79.49,15,1,Small Business
29b8ffc5,26-06-2023,East,Electronics,Laptops,937.98,50.54,15,2,Corporate
f56cce6e,27-06-2023,East,Furniture,Chairs,708.96,153.1,5,1,Small Business
bbed7ae0,28-06-2023,North,Furniture,Laptops,634.86,67.15,15,4,Small Business
0be4aae1,29-06-2023,East,Electronics,T-Shirts,59.34,70.37,10,2,Consumer
0a2ee499,30-06-2023,North,Clothing,Chairs,904.87,14.8,15,1,Corporate
5da11b57,01-07-2023,East,Electronics,Chairs,910.3,-45.58,25,4,Small Business
f8c518da,02-07-2023,South,Furniture,Laptops,782.41,41.13,15,1,Consumer
364d9bbe,03-07-2023,East,Electronics,Laptops,16.96,-140.75,10,1,Small Business
14fc7c7d,04-07-2023,North,Clothing,Chairs,66.71,280.76,5,1,Small Business
8ce5f190,05-07-2023,North,Electronics,T-Shirts,232.97,157.21,20,2,Small Business
855943a0,06-07-2023,South,Furniture,Laptops,140.04,276.23,15,3,Small Business
58a136fa,07-07-2023,East,Clothing,Laptops,404.85,-86.64,10,1,Small Business
bd3e69cd,08-07-2023,East,Furniture,Laptops,923.4,239.67,20,4,Small Business
a421945d,09-07-2023,South,Clothing,Chairs,477.34,204.39,20,2,Consumer
424b412d,10-07-2023,East,Clothing,Chairs,23.27,138.58,25,2,Small Business
4b4df496,11-07-2023,East,Electronics,Chairs,289.92,112.51,20,4,Corporate
c3b3be90,12-07-2023,North,Electronics,,,-41.73,,1,Consumer
560687d8,13-07-2023,East,Furniture,T-Shirts,45.92,208.21,10,3,Corporate
35b2df55,14-07-2023,East,Electronics,T-Shirts,282.96,50.76,15,1,Small Business
2deec3ce,15-07-2023,South,Electronics,Chairs,282.86,-164.55,15,4,Corporate
4877f6d6,16-07-2023,South,Clothing,T-Shirts,789.26,-43.57,15,2,Small Business
0705410c,17-07-2023,West,Electronics,Laptops,975.09,267.65,20,3,Small Business
41095209,18-07-2023,North,Clothing,Laptops,377.5,225.34,20,2,Consumer
e9c2d6cc,19-07-2023,East,Clothing,Laptops,434.6,290.95,25,4,Consumer
dca89e81,20-07-2023,East,Clothing,Chairs,846.34,114,15,1,Small Business
28c53187,21-07-2023,West,Furniture,Laptops,275.46,-76.24,5,3,Consumer
a1d4b717,22-07-2023,East,Furniture,T-Shirts,164.82,-118.59,25,2,Corporate
4581351f,23-07-2023,North,Furniture,Chairs,854.56,-106.54,5,2,Consumer
eb071ead,24-07-2023,West,Clothing,T-Shirts,56.04,-190.1,20,2,Consumer
d65d419d,25-07-2023,North,Furniture,Laptops,623.5,-4.66,25,1,Corporate
18c42e05,26-07-2023,West,Furniture,Laptops,566.37,-104.29,25,3,Consumer
f28ce4c7,27-07-2023,West,Electronics,Laptops,352.46,5.83,10,1,Small Business
2542ea79,28-07-2023,South,Furniture,Chairs,322.04,267.5,20,1,Corporate
380fe169,29-07-2023,North,Furniture,T-Shirts,774.14,15.27,20,1,Small Business
e583c2ca,30-07-2023,East,Clothing,Chairs,95.56,238.99,25,4,Corporate
f35cbaf0,31-07-2023,East,Clothing,Chairs,244.42,102.75,20,4,Small Business
1d80bae9,01-08-2023,North,Clothing,Laptops,735.12,-76.43,25,4,Small Business
abfcf0d3,02-08-2023,East,Clothing,Chairs,552.84,-22.07,10,3,Consumer
0280d691,03-08-2023,East,Clothing,Chairs,136.71,-158.04,25,1,Small Business
fb9a8f66,04-08-2023,North,Clothing,Laptops,883.31,-33.27,20,1,Consumer
c19f218e,05-08-2023,West,Furniture,Chairs,399.51,138.77,20,4,Corporate
b80fbf07,06-08-2023,North,Clothing,Laptops,829.59,-163.94,25,1,Small Business
ad7ef4c0,07-08-2023,West,Clothing,Laptops,789.84,-97.3,25,1,Small Business
453c286f,08-08-2023,East,Electronics,Laptops,628.18,-9.28,25,2,Corporate
94ac5c09,09-08-2023,East,Furniture,Laptops,499.54,291.02,15,1,Corporate
c2c22429,10-08-2023,East,Furniture,Chairs,979.76,192.43,20,2,Small Business
d58cbe3d,11-08-2023,South,Furniture,Laptops,153.52,166.74,20,1,Corporate
a4c8d547,12-08-2023,West,Clothing,Laptops,727.9,-141.9,15,3,Consumer
9a8a9680,13-08-2023,South,Clothing,Chairs,199.28,190.5,25,4,Corporate
e79f5262,14-08-2023,South,Clothing,Chairs,344.88,192.63,10,2,Corporate
864661fc,15-08-2023,North,Electronics,T-Shirts,315.61,100.55,25,4,Small Business
e001a4d3,16-08-2023,South,Clothing,Chairs,947.57,295.18,25,2,Consumer
1f5b50f2,17-08-2023,North,Electronics,Chairs,967.68,-37.37,15,2,Corporate
fbc609ef,18-08-2023,North,Furniture,T-Shirts,191.19,270.64,20,2,Consumer
308c263a,19-08-2023,South,Clothing,Chairs,31.81,257.37,25,3,Consumer
b7264094,20-08-2023,West,Electronics,Chairs,722.81,-194.26,20,1,Consumer
19bd5a8e,21-08-2023,West,Electronics,Chairs,423.81,25.06,5,2,Small Business
dcfd14d9,22-08-2023,West,Clothing,Chairs,97.95,288.55,20,3,Corporate
11329b7f,23-08-2023,West,Furniture,T-Shirts,686.92,-148.44,10,2,Small Business
f4b152af,24-08-2023,West,Furniture,Chairs,549.65,73.89,10,1,Corporate
4b27a7a6,25-08-2023,South,Furniture,Chairs,980.71,289.48,25,2,Corporate
e9494133,26-08-2023,South,Electronics,T-Shirts,235.14,77.75,20,3,Small Business
37ca5ec5,27-08-2023,East,Electronics,Laptops,409.94,-105.09,25,1,Consumer
1c26ddd1,28-08-2023,West,Electronics,T-Shirts,547.12,91.09,15,3,Consumer
92cf49ab,29-08-2023,South,Electronics,Laptops,793.78,-97.78,10,1,Corporate
07943ce8,30-08-2023,East,Furniture,T-Shirts,553.35,59.85,25,1,Small Business
094a7f63,31-08-2023,West,Clothing,T-Shirts,616.77,-162.98,15,4,Consumer
e56b7525,01-09-2023,North,Electronics,Chairs,233.89,102.74,25,4,Consumer
4cc95c25,02-09-2023,East,Electronics,Laptops,848.45,58.39,20,4,Corporate
40fbe756,03-09-2023,South,Furniture,Chairs,434.34,170.08,20,1,Corporate
4f9ffbed,04-09-2023,North,Clothing,Laptops,149.55,115.35,20,2,Small Business
e16a5960,05-09-2023,North,Clothing,T-Shirts,667.55,74.8,20,3,Corporate
cbdf8229,06-09-2023,North,Furniture,T-Shirts,223.93,144.89,5,3,Consumer
5d4d8755,07-09-2023,East,Furniture,Laptops,106.59,-128.03,15,3,Consumer
6cdb7006,08-09-2023,South,Clothing,Chairs,863.37,97.68,15,4,Consumer
b69357d5,09-09-2023,North,Electronics,Chairs,465.56,-113.94,20,1,Consumer
51f1e2a4,10-09-2023,West,Clothing,Chairs,751.79,262.76,5,4,Small Business
6eeeb15e,11-09-2023,North,Furniture,Chairs,297.68,-165.83,20,2,Small Business
2625d4e6,12-09-2023,North,Electronics,T-Shirts,789.1,15.19,5,1,Corporate
6a1e1227,13-09-2023,East,Electronics,T-Shirts,120.82,147.9,20,3,Corporate
5cd40488,14-09-2023,East,Furniture,T-Shirts,362.41,29.01,10,4,Corporate
8d7d352e,15-09-2023,South,Furniture,T-Shirts,978.28,-153.95,10,4,Small Business
6bc2ab88,16-09-2023,West,Furniture,T-Shirts,796.05,76.69,25,2,Consumer
d112a6af,17-09-2023,East,Clothing,Chairs,502.28,120.82,20,2,Corporate
7cb8c4a6,18-09-2023,North,Clothing,Chairs,346.38,151.9,15,4,Consumer
b2c01f70,19-09-2023,South,Electronics,Chairs,873.41,-13.37,25,2,Corporate
036d59d4,20-09-2023,North,Furniture,Chairs,549.4,81.83,10,3,Corporate
d97112ad,21-09-2023,North,Electronics,T-Shirts,760.84,25.34,20,2,Corporate
c2baf9b1,22-09-2023,East,Electronics,T-Shirts,756.57,136.03,25,2,Corporate
18aaac0d,23-09-2023,South,Electronics,T-Shirts,27.77,91.78,20,4,Corporate
c40fe41e,24-09-2023,West,Electronics,,,62.88,,4,Consumer
b2144b5d,25-09-2023,West,Furniture,Chairs,663.03,-75.24,25,1,Corporate
d26dc0f4,26-09-2023,East,Electronics,Chairs,170,-198.99,10,1,Consumer
9efe98ab,27-09-2023,East,Furniture,T-Shirts,262.94,-112.96,5,4,Small Business
b6382bf6,28-09-2023,South,Furniture,Chairs,947.17,-141.47,10,2,Corporate
afc3485a,29-09-2023,West,Clothing,Chairs,564.58,24.54,20,2,Consumer
b992d83c,30-09-2023,West,Furniture,T-Shirts,753.22,106.13,15,1,Small Business
afa16e62,01-10-2023,West,Clothing,Laptops,562.4,-93.46,10,1,Small Business
3.00E+88,02-10-2023,North,Furniture,Laptops,556.99,269.53,15,1,Small Business
ee4de11c,03-10-2023,West,Furniture,Laptops,103.21,-196.66,5,3,Consumer
96130d26,04-10-2023,North,Furniture,T-Shirts,350.23,186.15,25,3,Corporate
6fda5366,05-10-2023,South,Clothing,Chairs,289.61,112.6,25,1,Corporate
fc8048d2,06-10-2023,North,Clothing,T-Shirts,396.82,-13.22,15,2,Consumer
84fde863,07-10-2023,South,Electronics,T-Shirts,800.36,-174.76,25,1,Corporate
4f4d2f7b,08-10-2023,West,Clothing,Chairs,378.21,113.74,10,3,Consumer
a088b093,09-10-2023,West,Clothing,Laptops,457.18,-7.19,15,2,Corporate
e1aa79b0,10-10-2023,South,Clothing,Laptops,403.41,268.13,20,3,Small Business
5890b00f,11-10-2023,East,Clothing,T-Shirts,102.47,71,10,2,Corporate
bd27f05c,12-10-2023,South,Electronics,Laptops,446.66,269.83,10,3,Consumer
fd73249d,13-10-2023,East,Clothing,T-Shirts,203.65,-89.76,10,2,Consumer
3a79b23b,14-10-2023,North,Furniture,T-Shirts,194.86,162.86,20,2,Small Business
693c050c,15-10-2023,North,Furniture,Chairs,103.1,108.62,5,2,Consumer
a667d5a1,16-10-2023,North,Clothing,Chairs,363.1,169.7,25,2,Corporate
02f28c67,17-10-2023,West,Clothing,Chairs,759.91,-92.67,15,4,Corporate
f869d611,18-10-2023,North,Furniture,T-Shirts,283.68,132.5,5,3,Small Business
460cc06d,19-10-2023,East,Furniture,Chairs,319.23,49.02,15,3,Consumer
54a8c886,20-10-2023,North,Electronics,Laptops,646.25,171.41,25,4,Small Business
6325deea,21-10-2023,South,Furniture,Laptops,203.88,-36.48,20,2,Corporate
7d7b7221,22-10-2023,South,Furniture,T-Shirts,897.99,245.03,10,2,Small Business
ccc86305,23-10-2023,West,Clothing,T-Shirts,524.99,-157.85,10,3,Consumer
40f24efc,24-10-2023,South,Furniture,Chairs,453.13,203.59,20,4,Small Business
f7f5e82f,25-10-2023,East,Electronics,T-Shirts,562.24,230.66,5,2,Consumer
3805fb05,26-10-2023,North,Furniture,T-Shirts,174.37,208.63,5,2,Consumer
c5f47f8f,27-10-2023,West,Clothing,Laptops,617.34,56.36,15,2,Corporate
ff2e1f22,28-10-2023,North,Clothing,Laptops,369.47,19.19,20,1,Corporate
c7b96cd2,29-10-2023,North,Furniture,Chairs,898.21,298.13,5,4,Corporate
a8198e50,30-10-2023,East,Clothing,T-Shirts,177.17,-85.41,20,2,Consumer
27248156,31-10-2023,South,Electronics,T-Shirts,511.98,73.44,25,1,Small Business
eac5875e,01-11-2023,South,Electronics,Laptops,602.13,135.34,10,4,Consumer
38b7be50,02-11-2023,North,Furniture,T-Shirts,43.05,150.43,10,2,Corporate
ab3a3f4e,03-11-2023,West,Furniture,Laptops,370.06,-97.99,10,3,Corporate
9bb81bcf,04-11-2023,South,Furniture,Chairs,735.31,127,20,1,Small Business
870a7b67,05-11-2023,West,Clothing,Laptops,822.17,209.18,20,1,Corporate
830cfc80,06-11-2023,South,Electronics,T-Shirts,320.03,-174.99,15,2,Corporate
1fbcb23e,07-11-2023,West,Electronics,Chairs,800.61,255.76,10,2,Corporate
0c1b68f9,08-11-2023,East,Clothing,Laptops,968.08,-185.25,15,1,Small Business
c129bc5a,09-11-2023,West,Electronics,Laptops,858.31,-22.01,10,3,Consumer
53f35606,10-11-2023,East,Furniture,Chairs,126.47,-192.09,15,3,Corporate
35c56f18,11-11-2023,East,Furniture,Chairs,742.33,-161.43,15,4,Small Business
a19de3bc,12-11-2023,West,Furniture,Laptops,326.47,255.58,25,2,Corporate
a4f8403d,13-11-2023,East,Electronics,T-Shirts,988.53,-22.57,15,3,Small Business
bf5f6e0a,14-11-2023,North,Furniture,Laptops,490.51,12.39,20,4,Corporate
6d2199d9,15-11-2023,East,Clothing,Chairs,131.21,-92.33,15,3,Small Business
2327a5de,16-11-2023,South,Clothing,Laptops,727.93,98.55,10,2,Corporate
a21a3496,17-11-2023,West,Electronics,Chairs,329.78,97.4,15,4,Consumer
8b04e27e,18-11-2023,North,Clothing,Chairs,997.11,-13.9,5,4,Corporate
eced5bd2,19-11-2023,West,Clothing,T-Shirts,979.98,-33.48,10,4,Small Business
3f0cb908,20-11-2023,South,Electronics,Chairs,659.57,242.48,5,3,Corporate
f3d2f673,21-11-2023,South,Furniture,Chairs,138.53,-8.36,10,2,Consumer
7ff17811,22-11-2023,South,Furniture,T-Shirts,689.99,46.75,20,4,Corporate
4e3bbed0,23-11-2023,East,Furniture,Chairs,102.1,-58.35,20,1,Small Business
1e48ce29,24-11-2023,East,Electronics,T-Shirts,39.07,193.38,20,2,Small Business
0268e2f2,25-11-2023,West,Clothing,T-Shirts,824.73,-1.28,5,1,Consumer
ca217718,26-11-2023,West,Furniture,Chairs,217.66,56.81,25,1,Small Business
b202de69,27-11-2023,North,Furniture,Chairs,385.24,-73.32,10,4,Corporate
de34398a,28-11-2023,North,Electronics,Laptops,973.72,293.83,20,4,Corporate
5fc837be,29-11-2023,West,Furniture,T-Shirts,343.47,-54.25,10,3,Corporate
3db99c88,30-11-2023,East,Electronics,Laptops,303.52,185.37,5,3,Small Business
e34a8443,01-12-2023,South,Clothing,Chairs,919.03,13.75,25,3,Corporate
c6424d59,02-12-2023,West,Electronics,Laptops,119.64,-96.89,5,2,Corporate
16cd1481,03-12-2023,North,Electronics,T-Shirts,761.99,199.86,10,3,Corporate
86338663,04-12-2023,East,Electronics,Laptops,988.18,-33.2,25,1,Consumer
b026a212,05-12-2023,West,Electronics,T-Shirts,902.28,232.6,25,3,Small Business
84d6a970,06-12-2023,West,Clothing,Chairs,655.15,257.63,5,4,Small Business
0ea94b7a,07-12-2023,East,Clothing,Chairs,320.92,229.91,20,3,Small Business
d89bc415,08-12-2023,West,Furniture,T-Shirts,261.78,-182.5,10,2,Consumer
b0b6a2b9,09-12-2023,East,Clothing,Chairs,821.06,193.69,15,2,Small Business
5462dc03,10-12-2023,South,Clothing,Chairs,881.02,5.67,15,1,Consumer
cb01cb0f,11-12-2023,East,Furniture,Chairs,530.18,236.86,5,2,Consumer
4b2549b9,12-12-2023,East,Clothing,,,118.98,,3,Small Business
c240b5c8,13-12-2023,East,Electronics,T-Shirts,121.81,216.82,10,4,Corporate
31c235c7,14-12-2023,West,Electronics,Laptops,96.31,49.72,5,2,Corporate
4cb5725b,15-12-2023,West,Furniture,Laptops,721.89,67.51,10,1,Small Business
429e367c,16-12-2023,East,Furniture,Chairs,425.92,-127.81,20,3,Small Business
71072919,17-12-2023,West,Furniture,Laptops,906.31,191.99,5,1,Consumer
6867249b,18-12-2023,North,Electronics,Laptops,742.27,9.69,20,2,Small Business
a963bfb5,19-12-2023,North,Clothing,Chairs,199.35,50.04,10,2,Consumer
e8f2dde0,20-12-2023,West,Electronics,Chairs,617.64,192.55,5,1,Small Business
bbbe94fe,21-12-2023,West,Furniture,Laptops,441.15,99.42,10,3,Corporate
3f9d8237,22-12-2023,East,Clothing,T-Shirts,581.48,-99.45,5,2,Corporate
997b44e5,23-12-2023,South,Clothing,Chairs,740.69,95.12,10,4,Small Business
7be2da09,24-12-2023,West,Electronics,T-Shirts,808.13,3.82,20,2,Consumer
881ba4d2,25-12-2023,North,Furniture,Laptops,845.3,34.76,20,3,Corporate
1713797a,26-12-2023,East,Electronics,Chairs,261.44,-185.84,10,2,Consumer
03cfef43,27-12-2023,West,Clothing,T-Shirts,40.8,-94.99,5,1,Small Business
1fb3cf27,28-12-2023,North,Electronics,Chairs,741.9,-59.48,15,2,Small Business
17ef4e62,29-12-2023,North,Electronics,Laptops,115.28,156.48,20,2,Corporate
92b0c8af,30-12-2023,South,Furniture,T-Shirts,321.77,-194.25,20,3,Small Business
e63610c7,31-12-2023,East,Furniture,Laptops,13.78,4.39,15,1,Corporate
8d173706,01-01-2024,East,Clothing,Laptops,684.85,262.01,10,3,Consumer
4694bf79,02-01-2024,South,Electronics,Chairs,175.46,-144.06,5,2,Corporate
cee304b3,03-01-2024,South,Electronics,T-Shirts,658.73,58.21,10,4,Corporate
80e2a0a8,04-01-2024,East,Electronics,Laptops,991.83,193.26,25,2,Consumer
851db2ed,05-01-2024,East,Clothing,Laptops,81.94,271.27,20,3,Corporate
7dff10bb,06-01-2024,West,Clothing,T-Shirts,86.31,173.39,25,4,Corporate
0f47077b,07-01-2024,West,Furniture,Laptops,346.98,160.28,20,3,Small Business
6bb7925a,08-01-2024,South,Furniture,Laptops,867.72,213.24,20,3,Consumer
a6b39d41,09-01-2024,West,Furniture,T-Shirts,223.37,23.1,25,1,Corporate
3e27ff96,10-01-2024,North,Electronics,T-Shirts,366.77,202.92,25,4,Consumer
1abd99cb,11-01-2024,West,Electronics,T-Shirts,77.82,-196.02,10,2,Consumer
e75f780a,12-01-2024,West,Furniture,T-Shirts,765.52,262.28,25,3,Corporate
d4e08f9b,13-01-2024,North,Electronics,Chairs,414.22,21.65,10,2,Small Business
2.15E+13,14-01-2024,South,Furniture,T-Shirts,761.66,76.69,10,1,Consumer
36f96d18,15-01-2024,North,Clothing,Chairs,904.57,-72.56,10,1,Corporate
6c4105dd,16-01-2024,West,Furniture,Chairs,240.44,171.27,20,4,Consumer
f3ab96c0,17-01-2024,South,Clothing,Chairs,809.32,-161.68,20,1,Small Business
51ae4e0b,18-01-2024,West,Electronics,Laptops,68.5,236.32,25,1,Small Business
e952999c,19-01-2024,North,Furniture,Chairs,899.86,214.06,20,2,Small Business
2be21db0,20-01-2024,North,Electronics,Chairs,654.26,-91.97,25,1,Corporate
e4570f49,21-01-2024,West,Clothing,Laptops,875.48,204.66,20,1,Corporate
45eb896c,22-01-2024,East,Clothing,Laptops,10.19,193.18,5,3,Small Business
5a375236,23-01-2024,East,Clothing,Laptops,177.39,116.11,5,1,Corporate
62359a43,24-01-2024,North,Electronics,T-Shirts,395.86,-13.24,25,3,Small Business
8737b597,25-01-2024,North,Electronics,Laptops,385.71,-64.25,20,1,Corporate
9ba83a91,26-01-2024,East,Electronics,Laptops,234.46,-84.11,20,1,Small Business
cfae9c37,27-01-2024,East,Electronics,Chairs,387.8,-40.7,10,4,Consumer
b23a9db0,28-01-2024,West,Clothing,Laptops,137.56,251.78,15,4,Small Business
63746e2f,29-01-2024,West,Clothing,T-Shirts,418.63,-161.18,25,3,Small Business
cf253e0e,30-01-2024,East,Furniture,Laptops,804.33,214.44,15,1,Corporate
113ff251,31-01-2024,West,Furniture,T-Shirts,484.28,-25.55,15,2,Corporate
c1594909,01-02-2024,West,Electronics,Laptops,27.82,60.8,25,4,Corporate
241e867c,02-02-2024,South,Clothing,Laptops,427.23,197.24,20,2,Corporate
6d3aa854,03-02-2024,West,Clothing,Laptops,36.9,242.19,25,4,Corporate
793c0d0c,04-02-2024,North,Clothing,Laptops,966.58,-27.61,15,4,Corporate
d3eaf0aa,05-02-2024,West,Furniture,T-Shirts,136.18,30.92,20,1,Consumer
d47b6537,06-02-2024,West,Furniture,T-Shirts,710.61,7.26,5,4,Small Business
e6eca789,07-02-2024,East,Clothing,Chairs,973.05,-193.37,25,2,Small Business
a19fb3ec,08-02-2024,North,Clothing,T-Shirts,827.78,-52.03,25,4,Small Business
e657af68,09-02-2024,West,Clothing,Laptops,702.32,29.59,20,3,Consumer
529b78e6,10-02-2024,West,Furniture,Chairs,841.07,5.55,5,1,Small Business
62f25ddd,11-02-2024,South,Clothing,Chairs,981.98,160.96,5,1,Consumer
51a7df5b,12-02-2024,West,Clothing,Chairs,625.13,-7.6,20,3,Consumer
c2801c6d,13-02-2024,West,Electronics,Laptops,563.59,44.69,10,3,Consumer
216ee564,14-02-2024,South,Electronics,T-Shirts,631.96,14.8,25,3,Small Business
aafad71f,15-02-2024,East,Furniture,Laptops,537.35,170.31,25,4,Consumer
3fb6b322,16-02-2024,West,Clothing,Chairs,638.74,231.49,15,1,Small Business
2372a930,17-02-2024,South,Clothing,Laptops,455.34,65.94,20,3,Small Business
c6cd4afc,18-02-2024,North,Electronics,Laptops,226.26,194.72,15,4,Corporate
bc47033a,19-02-2024,East,Furniture,T-Shirts,129.04,-51.61,15,3,Corporate
2b1804a3,20-02-2024,North,Electronics,T-Shirts,77.66,70.68,5,2,Consumer
3d0fb86a,21-02-2024,North,Electronics,Chairs,270.68,-27.39,25,2,Consumer
7450d85f,22-02-2024,South,Electronics,Laptops,55.66,7.1,15,1,Small Business
e99f385e,23-02-2024,West,Electronics,Laptops,571.5,166.21,5,4,Consumer
55945c99,24-02-2024,South,Clothing,T-Shirts,290.99,240.83,20,2,Consumer
f9b25167,25-02-2024,South,Clothing,Laptops,826.29,-139.25,15,2,Small Business
f8dcf1f0,26-02-2024,South,Electronics,Laptops,83.5,117.32,25,4,Consumer
5e699f30,27-02-2024,South,Furniture,Laptops,234.09,91.07,15,3,Consumer
c6dceb24,28-02-2024,East,Furniture,T-Shirts,732.94,-140.79,20,4,Small Business
0d4ad7e3,29-02-2024,West,Furniture,Chairs,602.82,-94.05,15,3,Small Business
5652cd2a,01-03-2024,North,Furniture,Chairs,73.85,-44.5,25,2,Corporate
714b45b9,02-03-2024,North,Electronics,Laptops,878.47,-116.53,5,2,Small Business
8.91E+54,03-03-2024,West,Clothing,Chairs,878.49,-78.14,25,2,Corporate
e1926bd7,04-03-2024,North,Furniture,T-Shirts,337.1,-66.2,5,1,Consumer
49572466,05-03-2024,West,Electronics,T-Shirts,347,-32.16,10,1,Small Business
8ae020ac,06-03-2024,North,Furniture,Chairs,989.14,174.7,25,1,Small Business
3d9f99e0,07-03-2024,South,Furniture,Chairs,629.91,85.96,25,4,Small Business
fae51b9f,08-03-2024,North,Electronics,Laptops,536,293.12,20,2,Consumer
de288cd8,09-03-2024,West,Clothing,Chairs,839.77,7.37,15,2,Corporate
815ecd7f,10-03-2024,West,Clothing,Laptops,292.44,176.93,5,4,Consumer
e7f77dd2,11-03-2024,West,Electronics,Laptops,434.89,235.73,5,1,Consumer
d0721610,12-03-2024,West,Clothing,T-Shirts,275.1,139.49,20,4,Small Business
3c300f24,13-03-2024,West,Electronics,T-Shirts,791.27,5.93,20,1,Corporate
48074865,14-03-2024,East,Electronics,T-Shirts,577.62,176.8,15,2,Consumer
ae730cdd,15-03-2024,East,Electronics,T-Shirts,662.24,-98.17,15,3,Small Business
edef35aa,16-03-2024,North,Clothing,Chairs,259.78,-36.22,25,1,Consumer
db05be2d,17-03-2024,West,Electronics,T-Shirts,228.02,73.34,10,2,Consumer
22c15c58,18-03-2024,North,Furniture,Chairs,493.49,87.7,15,2,Small Business
beee1bb7,19-03-2024,West,Clothing,T-Shirts,740.19,-188.93,20,3,Small Business
ee42ce70,20-03-2024,West,Clothing,Chairs,529.99,272.56,15,2,Corporate
1aea9355,21-03-2024,East,Clothing,Laptops,42.32,148.31,5,2,Consumer
c4189c8a,22-03-2024,East,Clothing,Chairs,869.87,47.85,10,1,Small Business
ee5c6af8,23-03-2024,South,Furniture,Chairs,74.04,266.56,25,1,Small Business
d81d8fc0,24-03-2024,East,Clothing,T-Shirts,956.27,19.55,5,3,Corporate
9d9cdb84,25-03-2024,South,Clothing,Chairs,34.89,290.22,5,3,Corporate
a89b9da1,26-03-2024,South,Electronics,Laptops,697.51,56.14,10,2,Small Business
c17f326c,27-03-2024,South,Clothing,Laptops,91.38,-142.86,25,1,Corporate
233ccdec,28-03-2024,South,Furniture,T-Shirts,911.57,182.4,20,3,Small Business
50da07c4,29-03-2024,South,Furniture,Laptops,469.79,139.45,25,3,Consumer
ffd686cf,30-03-2024,North,Furniture,Chairs,146.15,186.49,15,4,Corporate
ccb8a400,31-03-2024,East,Furniture,Laptops,347.41,275.72,5,3,Consumer
f3a6e32e,01-04-2024,South,Clothing,T-Shirts,173.18,188.24,15,2,Consumer
904c0fa6,02-04-2024,West,Clothing,Chairs,178.88,105.67,20,1,Consumer
bf276dc3,03-04-2024,East,Furniture,T-Shirts,948.63,228.65,15,3,Small Business
d40d1847,04-04-2024,East,Furniture,Chairs,450.79,136.62,25,4,Consumer
290cdcb8,05-04-2024,South,Clothing,,,4.06,,1,Consumer
e24e9e70,06-04-2024,North,Furniture,T-Shirts,643.21,242.81,20,3,Consumer
7a51ae40,07-04-2024,South,Electronics,T-Shirts,679.66,-89.05,20,4,Small Business
d31fffcd,08-04-2024,North,Furniture,Chairs,140.38,157.32,20,3,Consumer
a444a1ae,09-04-2024,West,Furniture,T-Shirts,241.84,240.78,25,1,Consumer
987e1e98,10-04-2024,East,Electronics,Chairs,788.88,165.66,20,1,Corporate
0432f4c6,11-04-2024,West,Electronics,Chairs,971.06,148.64,5,1,Small Business
6f003829,12-04-2024,North,Clothing,Chairs,270.05,176.32,20,2,Consumer
ca24d00d,13-04-2024,North,Clothing,Chairs,278.85,32.53,15,3,Corporate
46aa3b0e,14-04-2024,West,Electronics,Laptops,478.17,237.09,15,2,Small Business
2f97a39e,15-04-2024,North,Electronics,Chairs,984,-98.28,15,1,Small Business
16e4604d,16-04-2024,West,Clothing,T-Shirts,276.27,-136.31,25,4,Small Business
7e80b399,17-04-2024,East,Furniture,Laptops,412.9,-57.25,15,3,Small Business
e9c3b0a3,18-04-2024,West,Electronics,T-Shirts,892.57,65.79,25,2,Small Business
d27faecb,19-04-2024,East,Clothing,Laptops,12.89,55.28,25,3,Small Business
e62f48ba,20-04-2024,West,Furniture,Chairs,49.37,210.3,20,4,Consumer
d305fdde,21-04-2024,North,Electronics,Laptops,608.03,2.28,5,2,Consumer
e5b12aec,22-04-2024,West,Furniture,Laptops,908.31,42.17,20,1,Consumer
3d8cb1cf,23-04-2024,North,Clothing,T-Shirts,246.47,-193.32,20,2,Consumer
18ea08b9,24-04-2024,West,Electronics,T-Shirts,474.95,4.87,25,3,Corporate
804f632a,25-04-2024,West,Furniture,Chairs,455.96,123.89,25,3,Consumer
603afb72,26-04-2024,South,Electronics,Laptops,478.24,-192.25,15,3,Small Business
a8a6d1e0,27-04-2024,North,Furniture,Laptops,626.29,-59.56,15,3,Consumer
9427567d,28-04-2024,South,Clothing,Laptops,475.05,-96.02,20,1,Consumer
69f4200c,29-04-2024,North,Clothing,Chairs,452.99,-179.01,10,2,Small Business
ce33531e,30-04-2024,South,Electronics,Chairs,479.55,39.63,10,1,Consumer
c92e7d7f,01-05-2024,East,Furniture,Chairs,594.96,-109.14,15,1,Consumer
3d91a676,02-05-2024,West,Electronics,Chairs,541.64,171.54,10,1,Consumer
1e1aacb5,03-05-2024,North,Electronics,Chairs,855.59,223.96,15,3,Corporate
24520845,04-05-2024,North,Furniture,T-Shirts,59,72.79,25,3,Consumer
5b1f8865,05-05-2024,West,Furniture,Laptops,834.98,290.85,20,3,Small Business
3eacc428,06-05-2024,North,Furniture,Laptops,845.49,25.24,5,2,Small Business
02eee78f,07-05-2024,North,Clothing,,,56.68,,4,Consumer
98a3e63b,08-05-2024,South,Electronics,Laptops,468.22,294.61,15,3,Consumer
301d9686,09-05-2024,North,Electronics,Laptops,444.15,-84.23,15,2,Consumer
39fd0bd7,10-05-2024,East,Clothing,Laptops,226.32,271.27,20,3,Small Business
ee9377b6,11-05-2024,East,Furniture,Laptops,402.83,-178.58,15,3,Small Business
fa6fe6dd,12-05-2024,West,Clothing,Laptops,53.94,23.19,10,1,Corporate
7f65b1f0,13-05-2024,North,Clothing,T-Shirts,285.04,-165,10,1,Corporate
c5992861,14-05-2024,West,Clothing,Laptops,818.52,164.62,15,1,Corporate
aebd3920,15-05-2024,East,Electronics,T-Shirts,291.72,104.2,15,2,Small Business
107b1470,16-05-2024,North,Clothing,Chairs,820.02,153.32,10,4,Corporate
2c55a960,17-05-2024,North,Electronics,Laptops,536.28,-12.76,15,4,Consumer
916e0a90,18-05-2024,West,Electronics,Chairs,881.06,-15.26,15,2,Consumer
3cbe7472,19-05-2024,East,Electronics,Chairs,579.03,-177.34,20,3,Small Business
1ea916a2,20-05-2024,North,Furniture,Chairs,39.37,-25.03,5,2,Corporate
4799005b,21-05-2024,West,Electronics,T-Shirts,678.67,264.64,10,3,Consumer
dce69a4f,22-05-2024,East,Electronics,Chairs,54.41,-10.39,20,2,Small Business
ee818a26,23-05-2024,West,Furniture,Chairs,456.09,215.68,5,2,Corporate
acf4868f,24-05-2024,South,Electronics,Chairs,930.13,221.16,15,2,Consumer
5e00c14d,25-05-2024,North,Clothing,Laptops,173.55,-13.38,15,4,Corporate
6501b3e9,26-05-2024,South,Clothing,Laptops,395.97,115.99,20,1,Small Business
68ebc276,27-05-2024,East,Electronics,T-Shirts,732.56,-152.31,15,2,Corporate
4c780839,28-05-2024,South,Furniture,T-Shirts,883.44,-148.16,25,4,Small Business
4460f453,29-05-2024,South,Clothing,Laptops,674.23,-175.67,20,1,Corporate
3e97167f,30-05-2024,East,Furniture,T-Shirts,265.59,90.51,5,1,Consumer
ecbe0f3a,31-05-2024,West,Furniture,Laptops,677.86,13.04,20,2,Small Business
29f6536a,01-06-2024,South,Clothing,Chairs,303.76,74.02,10,3,Small Business
78f50245,02-06-2024,West,Furniture,Chairs,721.24,60.54,20,3,Small Business
7f130cf6,03-06-2024,South,Clothing,T-Shirts,954.49,-24.9,15,3,Corporate
ec0c0694,04-06-2024,West,Furniture,Laptops,724.18,138.74,15,2,Corporate
f3398134,05-06-2024,East,Clothing,Laptops,864.25,179.25,25,3,Consumer
4368fbec,06-06-2024,South,Electronics,T-Shirts,12.08,-192.69,25,4,Small Business
39b0d4ce,07-06-2024,East,Clothing,Laptops,720.4,-96.38,25,4,Small Business
572b5c8f,08-06-2024,South,Clothing,Chairs,831.29,156.62,5,4,Corporate
7ddb4c02,09-06-2024,East,Clothing,T-Shirts,50.15,-6.69,25,4,Corporate
959b34cc,10-06-2024,East,Clothing,T-Shirts,872.88,131.24,5,1,Consumer
13d97d7a,11-06-2024,South,Furniture,Laptops,264.13,-26.52,25,4,Consumer
8c58f227,12-06-2024,South,Electronics,T-Shirts,668.64,-4.62,5,3,Corporate
5.11E+51,13-06-2024,South,Clothing,Laptops,802.35,-120.66,20,2,Small Business
3ffed760,14-06-2024,North,Furniture,Laptops,666.04,-70.88,20,3,Consumer
d2ddc707,15-06-2024,West,Electronics,Laptops,101.36,102.71,15,4,Corporate
5bd14e80,16-06-2024,North,Electronics,Laptops,600.36,16.58,5,1,Corporate
a1370812,17-06-2024,North,Electronics,Laptops,554.09,187.15,10,4,Small Business
cc64afe3,18-06-2024,East,Electronics,T-Shirts,901.32,226.29,15,2,Corporate
a218a7d0,19-06-2024,South,Clothing,Chairs,410.2,70.82,20,3,Corporate
ba051d89,20-06-2024,West,Clothing,Chairs,327.87,179.13,5,2,Consumer
2ac5e29b,21-06-2024,East,Furniture,T-Shirts,752.35,-46.55,25,2,Corporate
9e2bf883,22-06-2024,North,Furniture,T-Shirts,418.55,7.49,10,2,Corporate
0f3e0e8b,23-06-2024,South,Furniture,Chairs,649.64,156.39,20,3,Consumer
878f17cf,24-06-2024,East,Electronics,,,-6.89,,4,Small Business
a03ed9c6,25-06-2024,South,Electronics,Chairs,889.16,94.25,5,2,Small Business
f10405d2,26-06-2024,East,Clothing,Chairs,602.71,-107.31,10,3,Consumer
3ae39696,27-06-2024,South,Electronics,Chairs,507.13,99.89,5,1,Consumer
c00e4948,28-06-2024,North,Electronics,Laptops,147.48,230.76,25,3,Small Business
3ed349d9,29-06-2024,West,Electronics,T-Shirts,124.58,234.32,15,1,Small Business
c79abe27,30-06-2024,North,Furniture,Laptops,162.78,162.17,5,3,Small Business
6ead63ac,01-07-2024,West,Furniture,Chairs,180.13,172.88,20,4,Small Business
b783a94c,02-07-2024,South,Clothing,Chairs,641.5,78.96,15,2,Small Business
a5a15498,03-07-2024,East,Electronics,Chairs,743.57,92.33,20,4,Consumer
1ac9730a,04-07-2024,North,Electronics,Laptops,534.69,-133.17,5,3,Corporate
7dbcf367,05-07-2024,West,Clothing,Laptops,830.73,21.93,15,2,Small Business
63b078da,06-07-2024,North,Electronics,Chairs,991.35,25.39,20,1,Small Business
d361cd28,07-07-2024,West,Electronics,Laptops,821.81,279.25,25,3,Corporate
e0749ffe,08-07-2024,North,Furniture,Laptops,697.93,15.54,25,2,Corporate
192b38e3,09-07-2024,West,Clothing,Chairs,537.17,74.67,5,1,Corporate
db231cbd,10-07-2024,West,Clothing,Laptops,454.36,66.63,15,1,Corporate
9acf184a,11-07-2024,South,Clothing,T-Shirts,93.55,118.38,10,4,Corporate
5f5949fb,12-07-2024,West,Clothing,T-Shirts,405.38,174.12,15,3,Corporate
815e878a,13-07-2024,South,Furniture,T-Shirts,911.03,-87.48,25,1,Consumer
6218c120,14-07-2024,West,Furniture,T-Shirts,809.94,64.36,20,2,Corporate
6a156781,15-07-2024,East,Electronics,Chairs,223.89,212.96,10,1,Corporate
f3da4fb5,16-07-2024,East,Electronics,Chairs,471.94,31.56,5,1,Consumer
237f9261,17-07-2024,East,Electronics,Chairs,818.56,-60.77,10,4,Corporate
8c8ef448,18-07-2024,West,Electronics,T-Shirts,76.71,127.35,5,4,Small Business
64a4da2f,19-07-2024,South,Furniture,T-Shirts,393.52,211.88,10,2,Small Business
a93ac82a,20-07-2024,South,Clothing,Laptops,853.32,-168.43,5,4,Corporate
0bffabb0,21-07-2024,West,Furniture,Laptops,409.86,188.4,5,1,Consumer
55da2344,22-07-2024,East,Electronics,T-Shirts,86.84,210.82,10,1,Small Business
7cda9898,23-07-2024,East,Furniture,T-Shirts,547.11,30.76,10,4,Consumer
15a53db1,24-07-2024,South,Clothing,T-Shirts,863.13,291.65,5,1,Small Business
d4f903dc,25-07-2024,East,Clothing,T-Shirts,594.38,193.35,25,1,Corporate
679085cb,26-07-2024,North,Furniture,Laptops,234.02,186.83,10,2,Consumer
71b1ee5c,27-07-2024,South,Furniture,T-Shirts,390.4,173.92,15,4,Consumer
34a54c3d,28-07-2024,East,Furniture,Laptops,455.62,-124.7,20,1,Consumer
dfa81abb,29-07-2024,South,Electronics,T-Shirts,583.47,-91.38,5,4,Small Business
adca7f09,30-07-2024,North,Furniture,T-Shirts,761.76,32,5,2,Small Business
00586e1e,31-07-2024,South,Furniture,T-Shirts,107.88,-68,20,4,Small Business
2f003a2e,01-08-2024,South,Furniture,Laptops,890.76,7.62,25,1,Corporate
6ba670b0,02-08-2024,South,Clothing,Laptops,22.19,244.23,20,4,Small Business
bd2fe6a5,03-08-2024,South,Clothing,Chairs,376.35,212.16,10,1,Corporate
a8a24c52,04-08-2024,North,Electronics,T-Shirts,37.15,115.02,20,1,Consumer
4b70f6fb,05-08-2024,West,Electronics,Chairs,399.04,229.06,5,1,Consumer
124ed5fe,06-08-2024,South,Clothing,Chairs,530.55,191.89,20,2,Corporate
a927280f,07-08-2024,South,Clothing,Laptops,516.56,14.49,15,4,Small Business
9774255a,08-08-2024,East,Clothing,Laptops,173.97,-99.47,10,2,Corporate
321c7f89,09-08-2024,South,Furniture,Chairs,649.28,57.1,20,4,Consumer
f78b1231,10-08-2024,East,Furniture,T-Shirts,54.33,168.11,5,2,Consumer
2ec8d733,11-08-2024,West,Clothing,Laptops,764.29,18.21,10,3,Corporate
bbf10b28,12-08-2024,North,Furniture,T-Shirts,947.18,133.39,5,1,Small Business
494998a3,13-08-2024,North,Furniture,T-Shirts,346.37,-152.84,25,1,Small Business
770dd0b2,14-08-2024,West,Electronics,Chairs,522.07,174,15,2,Corporate
c1f3a09e,15-08-2024,North,Clothing,Chairs,385.12,206.36,25,3,Corporate
0b4cf87c,16-08-2024,West,Clothing,Chairs,16.64,153.42,15,1,Small Business
1190470c,17-08-2024,West,Furniture,Chairs,392.02,283.63,20,4,Consumer
be69ca31,18-08-2024,West,Clothing,Laptops,793.8,213.33,10,2,Corporate
cebb6903,19-08-2024,North,Electronics,Laptops,600.03,251.55,20,1,Small Business
c9f2449c,20-08-2024,East,Electronics,Chairs,110.25,266.79,15,1,Small Business
6cf1c56d,21-08-2024,West,Electronics,Laptops,848.67,200.67,15,2,Consumer
48c7bbda,22-08-2024,South,Clothing,Chairs,535.77,137.13,15,2,Consumer
3b48e290,23-08-2024,North,Clothing,T-Shirts,843.31,-197.14,5,4,Consumer
d5f31c30,24-08-2024,West,Clothing,T-Shirts,584.42,32.91,10,4,Consumer
d1f4b7ba,25-08-2024,West,Clothing,T-Shirts,564.09,85.58,20,1,Consumer
aa6ddb30,26-08-2024,South,Clothing,Chairs,114.21,-47.98,20,1,Corporate
c841bf1b,27-08-2024,East,Electronics,T-Shirts,175.69,-40.95,25,2,Small Business
34e621f1,28-08-2024,East,Furniture,Laptops,972.31,280.58,15,1,Corporate
ab1a48b9,29-08-2024,East,Electronics,T-Shirts,236.2,245.86,15,1,Corporate
666112bc,30-08-2024,West,Clothing,T-Shirts,977.68,224.59,15,2,Corporate
31a966a3,31-08-2024,West,Electronics,T-Shirts,536.59,3.01,20,1,Corporate
e4f97e8f,01-09-2024,West,Clothing,Laptops,144.43,-193.15,25,1,Corporate
6cb44b42,02-09-2024,North,Clothing,Chairs,108.31,-159.89,5,3,Consumer
58450de6,03-09-2024,South,Electronics,Laptops,216.78,-43.9,10,4,Consumer
4d353a9c,04-09-2024,West,Clothing,Chairs,926.38,-192.13,5,2,Small Business
5f9f04bb,05-09-2024,South,Furniture,Chairs,420.01,-191.43,20,3,Corporate
d0686979,06-09-2024,South,Clothing,T-Shirts,401.48,258.3,15,4,Small Business
929c62db,07-09-2024,East,Furniture,Chairs,320.07,153.08,10,4,Consumer
06d19712,08-09-2024,North,Furniture,Laptops,155.59,-45.52,20,4,Consumer
35ae852a,09-09-2024,West,Clothing,Laptops,492.97,-133.68,20,3,Consumer
3b80677f,10-09-2024,East,Electronics,,,55.82,,3,Corporate
2d1ea906,11-09-2024,East,Furniture,T-Shirts,837.13,-197.33,10,4,Corporate
8a316570,12-09-2024,West,Electronics,T-Shirts,376.69,269.21,10,1,Consumer
508fc5ea,13-09-2024,South,Furniture,Laptops,381.06,7.41,25,1,Small Business
2074147d,14-09-2024,East,Clothing,T-Shirts,479.27,1.17,25,3,Small Business
41e27fe0,15-09-2024,South,Clothing,Chairs,449.69,-4.7,5,3,Consumer
d8ba477c,16-09-2024,North,Furniture,Chairs,994.91,-165.34,10,3,Small Business
5d34881e,17-09-2024,South,Clothing,Laptops,549.93,119.16,10,4,Consumer
202502ad,18-09-2024,North,Furniture,Chairs,97.32,166.5,10,1,Small Business
efac3585,19-09-2024,South,Clothing,Laptops,610.81,138.06,25,3,Consumer
c0644891,20-09-2024,East,Electronics,Chairs,160.07,-130.78,20,3,Small Business
d055db93,21-09-2024,East,Clothing,Laptops,40.63,89.42,15,2,Corporate
231cc1bb,22-09-2024,North,Electronics,T-Shirts,971.03,84.74,25,4,Consumer
f3f58953,23-09-2024,West,Clothing,Chairs,775.8,234.21,10,2,Consumer
470db5b4,24-09-2024,North,Electronics,Chairs,980.31,-10.44,25,1,Small Business
f8f41a01,25-09-2024,North,Clothing,Laptops,483.1,-14.26,5,2,Consumer
07b573e0,26-09-2024,South,Electronics,Laptops,536.93,109.26,10,2,Consumer
409ec014,27-09-2024,South,Furniture,Chairs,176.65,116.54,5,2,Consumer
4fdb309f,28-09-2024,North,Furniture,Laptops,254.44,34.64,10,4,Corporate
051ccb8e,29-09-2024,East,Electronics,Chairs,840.16,21.53,25,1,Corporate
97ae70d6,30-09-2024,South,Clothing,T-Shirts,362.62,47.07,20,2,Small Business
232dc7d3,01-10-2024,West,Electronics,Laptops,828.55,230.52,15,4,Corporate
2279cc36,02-10-2024,South,Clothing,Chairs,711.92,30.58,5,1,Small Business
cc0452d2,03-10-2024,South,Furniture,T-Shirts,185.4,269.97,25,3,Corporate
d131b3ba,04-10-2024,West,Clothing,T-Shirts,512.37,52,20,2,Small Business
e6440bd1,05-10-2024,North,Furniture,Chairs,680.61,274.6,25,1,Corporate
be3e8aa2,06-10-2024,West,Clothing,Laptops,242.69,216.42,5,2,Corporate
38ec928b,07-10-2024,North,Clothing,Chairs,832.38,-18.78,15,3,Small Business
d39798f5,08-10-2024,North,Clothing,T-Shirts,549.38,231.82,25,1,Consumer
e3f04daa,09-10-2024,North,Electronics,Chairs,173.59,-144.97,10,4,Consumer
8fc2c8db,10-10-2024,West,Electronics,Laptops,587.15,262.52,20,1,Corporate
440d3f79,11-10-2024,North,Furniture,T-Shirts,999.72,115.82,25,4,Small Business
ba171e42,12-10-2024,East,Furniture,Chairs,159.02,-172.8,20,1,Consumer
dd2563c8,13-10-2024,West,Electronics,Laptops,818.59,122.13,10,4,Small Business
1e1bb378,14-10-2024,East,Furniture,T-Shirts,215.24,287.12,15,3,Consumer
91280cda,15-10-2024,North,Electronics,Laptops,784.56,-165.1,15,3,Small Business
ffc857fd,16-10-2024,South,Clothing,T-Shirts,737.23,77.34,10,3,Corporate
91b87dd4,17-10-2024,North,Furniture,,,173.9,,1,Small Business
0f88b9b9,18-10-2024,East,Furniture,Laptops,332.56,205.13,25,3,Consumer
e278ffe8,19-10-2024,East,Electronics,T-Shirts,794.6,6.91,10,2,Corporate
39db4e5c,20-10-2024,West,Furniture,Laptops,466.83,-97.92,5,3,Small Business
b4513885,21-10-2024,South,Furniture,Laptops,733.51,-178.83,20,4,Consumer
f85bf56e,22-10-2024,West,Clothing,Chairs,156.5,89.86,15,4,Corporate
f7f3bf05,23-10-2024,East,Furniture,Laptops,854.03,26.46,10,4,Small Business
1b43466c,24-10-2024,North,Clothing,T-Shirts,713.78,274.37,15,1,Consumer
38d7d858,25-10-2024,South,Electronics,T-Shirts,907.87,-169.7,20,2,Small Business
efa7b040,26-10-2024,North,Furniture,T-Shirts,141.05,142.7,15,3,Small Business
8d55cf38,27-10-2024,North,Clothing,T-Shirts,597.08,-187.52,10,2,Corporate
2.37E+07,28-10-2024,South,Electronics,Chairs,603.13,-114.28,20,2,Corporate
6089559c,29-10-2024,West,Furniture,Laptops,359.93,26.79,5,4,Consumer
3a5fe5e4,30-10-2024,North,Electronics,Chairs,463.88,27.44,10,4,Corporate
6524a38f,31-10-2024,East,Furniture,Laptops,47.6,142.85,25,4,Consumer
8f67bc2f,01-11-2024,North,Electronics,Laptops,748.4,255.11,10,1,Small Business
cd551d45,02-11-2024,South,Electronics,Laptops,553.83,119.52,20,2,Small Business
c8ed4594,03-11-2024,South,Clothing,Chairs,67.16,276.77,10,2,Consumer
30168ae2,04-11-2024,South,Electronics,Laptops,683.95,240.81,5,1,Small Business
3b35338c,05-11-2024,West,Furniture,Chairs,472.11,92.25,5,1,Corporate
b2fbb02c,06-11-2024,North,Furniture,T-Shirts,44.12,216.9,25,1,Small Business
e7467f08,07-11-2024,West,Clothing,T-Shirts,969.91,121.29,15,2,Corporate
d78995f9,08-11-2024,West,Furniture,Laptops,949.62,-160.72,20,2,Consumer
e0c71dde,09-11-2024,South,Furniture,Chairs,517.77,170.28,20,4,Consumer
ec203f33,10-11-2024,South,Furniture,T-Shirts,102.74,-152.55,15,4,Small Business
cd1acb10,11-11-2024,West,Electronics,Chairs,757.08,97.04,5,2,Small Business
910faa71,12-11-2024,North,Electronics,Chairs,497.01,151.32,5,4,Corporate
1fb09cb1,13-11-2024,East,Furniture,Laptops,309.42,-166.74,10,1,Corporate
4d47eaa7,14-11-2024,West,Clothing,T-Shirts,496.5,-84.6,25,3,Small Business
e7d8217b,15-11-2024,North,Electronics,Laptops,527.22,257.84,25,4,Small Business
c23edcfa,16-11-2024,South,Clothing,Laptops,567.08,108.16,25,2,Consumer
3d9e1cb4,17-11-2024,South,Furniture,T-Shirts,446.81,-76.86,10,4,Consumer
af1403e0,18-11-2024,North,Furniture,T-Shirts,609.7,145.34,25,4,Consumer
908500ec,19-11-2024,East,Electronics,Chairs,919.55,98.39,15,4,Small Business
f2cb90fe,20-11-2024,South,Furniture,T-Shirts,368.65,50.79,10,3,Small Business
67675bf9,21-11-2024,South,Electronics,Chairs,728.46,288.09,15,1,Small Business
0463c0b9,22-11-2024,South,Furniture,Chairs,895.51,141.73,10,2,Consumer
4d394387,23-11-2024,North,Furniture,Chairs,461.42,-12.28,25,3,Small Business
b799f885,24-11-2024,West,Electronics,T-Shirts,449.02,200.04,15,2,Corporate
467ae890,25-11-2024,South,Electronics,Laptops,606.1,242.29,15,2,Small Business
8773ab7c,26-11-2024,West,Electronics,Chairs,595.49,-137.39,15,2,Small Business
80fb37a4,27-11-2024,East,Furniture,Laptops,808.52,-99.72,10,3,Small Business
8d3923d4,28-11-2024,South,Furniture,Laptops,481.72,-91.89,20,1,Small Business
0ba246e6,29-11-2024,South,Clothing,T-Shirts,996.16,145.61,25,2,Small Business
e524ce6a,30-11-2024,East,Electronics,Laptops,68.88,101.52,15,1,Corporate
766fbb69,01-12-2024,South,Furniture,Laptops,13.14,109.5,20,1,Corporate
f29c30ab,02-12-2024,West,Furniture,T-Shirts,643.8,270.39,25,4,Small Business
fa67bba1,03-12-2024,North,Electronics,Chairs,305.45,187.96,25,3,Consumer
f87a08f0,04-12-2024,West,Clothing,Laptops,247.98,-136.03,15,3,Small Business
3e9e8b9e,05-12-2024,North,Electronics,T-Shirts,318.78,-26.25,15,4,Small Business
db4bcb12,06-12-2024,North,Clothing,,,17.7,,4,Small Business
5967097b,07-12-2024,West,Furniture,Laptops,40.48,-2.02,20,1,Consumer
32621218,08-12-2024,West,Clothing,Chairs,971.82,134.65,20,2,Consumer
b907471e,09-12-2024,West,Furniture,Laptops,228.54,245.95,15,3,Consumer
e41e2b0a,10-12-2024,West,Electronics,T-Shirts,736.69,-46.97,25,2,Corporate
7211298e,11-12-2024,East,Electronics,Laptops,764.97,75.94,15,2,Consumer
b138ac7d,12-12-2024,South,Electronics,Chairs,929.96,194.7,25,4,Corporate
1ed604f9,13-12-2024,North,Clothing,Chairs,40.24,8.11,25,2,Corporate
db29ba03,14-12-2024,West,Furniture,T-Shirts,873.33,-115.94,15,1,Consumer
d4606e81,15-12-2024,West,Electronics,Chairs,531.95,37.48,5,4,Consumer
30c3ee76,16-12-2024,West,Electronics,Laptops,636.22,-172.39,20,2,Consumer
f08554f3,17-12-2024,East,Furniture,Chairs,648.03,271.19,25,4,Corporate
661b2499,18-12-2024,West,Electronics,T-Shirts,821.6,-162.59,25,1,Small Business
cbc4d727,19-12-2024,West,Furniture,Chairs,340.07,19.23,5,1,Consumer
e7966705,20-12-2024,West,Furniture,Chairs,735.72,64.94,10,2,Consumer
65d6e827,21-12-2024,South,Furniture,Chairs,533.29,292.65,5,4,Consumer
8776fdb0,22-12-2024,East,Furniture,T-Shirts,795.46,-116.99,5,2,Corporate
51957344,23-12-2024,West,Furniture,Chairs,990.64,-142.78,25,2,Corporate
908bb306,24-12-2024,North,Clothing,Chairs,208.64,-195.65,20,4,Small Business
7651612b,25-12-2024,North,Electronics,Laptops,994.7,-122.21,5,2,Consumer
d14fa753,26-12-2024,North,Clothing,T-Shirts,98.91,-96.36,10,1,Corporate
ad583791,27-12-2024,East,Electronics,Chairs,12.29,115.29,15,4,Small Business
89b16cd7,28-12-2024,East,Clothing,T-Shirts,53.72,-90.15,5,4,Consumer
b0084a8f,29-12-2024,North,Furniture,Chairs,348.36,-189.74,5,4,Corporate
21ab5581,30-12-2024,West,Electronics,Chairs,636.58,213.31,10,4,Consumer
947673aa,31-12-2024,East,Electronics,Chairs,78.34,-17.2,20,2,Consumer
ada32db2,01-01-2025,North,Clothing,Laptops,15.61,-23.15,5,2,Corporate
a838c25d,02-01-2025,North,Clothing,Laptops,937.72,-48.76,5,1,Corporate
5d0195ce,03-01-2025,West,Electronics,Laptops,823.71,287.69,20,3,Corporate
ca56e736,04-01-2025,South,Clothing,T-Shirts,811.09,-114.94,10,3,Consumer
9d20fb07,05-01-2025,East,Clothing,T-Shirts,885.58,249.12,5,1,Consumer
cb25453c,06-01-2025,West,Clothing,Laptops,703.03,188.4,20,3,Small Business
3a0bfea1,07-01-2025,North,Furniture,T-Shirts,113.36,-161.76,5,1,Consumer
c0485684,08-01-2025,North,Furniture,Chairs,405.11,293.36,15,2,Corporate
43252d41,09-01-2025,West,Clothing,Chairs,725.92,-64.32,25,4,Consumer
47838de7,10-01-2025,East,Clothing,Chairs,287.53,-150.71,15,4,Small Business
142362d2,11-01-2025,South,Furniture,Laptops,690.53,214.66,5,2,Small Business
e050f024,12-01-2025,South,Furniture,T-Shirts,34.25,153.34,10,4,Corporate
e5ffc0a7,13-01-2025,North,Electronics,Laptops,313.08,108.61,25,4,Corporate
c96923c2,14-01-2025,East,Electronics,T-Shirts,553.64,-122.01,15,3,Small Business
70821f29,15-01-2025,South,Furniture,Chairs,635.77,39.25,20,2,Small Business
eeeaea6b,16-01-2025,East,Clothing,Laptops,581.27,190.28,10,3,Small Business
59af9c0b,17-01-2025,East,Clothing,T-Shirts,700.78,-48.19,15,3,Corporate
ddf15e10,18-01-2025,North,Clothing,T-Shirts,16.03,-44.16,20,4,Small Business
a2658726,19-01-2025,South,Clothing,Chairs,109.93,-198.43,5,4,Small Business
5f6db55a,20-01-2025,West,Electronics,Laptops,870.25,-112.88,20,2,Corporate
7aae4eab,21-01-2025,North,Furniture,Laptops,684.93,237.7,15,4,Consumer
5aed3e7f,22-01-2025,South,Clothing,Laptops,121.8,20.87,15,4,Consumer
3b1cc046,23-01-2025,South,Electronics,Chairs,843.65,292.12,5,2,Small Business
8138029f,24-01-2025,South,Clothing,Laptops,249.81,-2.15,20,4,Consumer
f2c1b80e,25-01-2025,South,Furniture,Chairs,483.48,157.59,20,3,Consumer
a015ad2e,26-01-2025,South,Electronics,Chairs,153.74,-59.04,5,2,Consumer
1bbe533b,27-01-2025,East,Furniture,,,-18.1,,4,Consumer
0bb9ec8a,28-01-2025,North,Furniture,T-Shirts,670.19,-104.64,5,1,Small Business
23eb324e,29-01-2025,East,Electronics,Laptops,219,-26.47,10,2,Consumer
f1b64f55,30-01-2025,West,Electronics,Laptops,864.77,73.62,15,2,Consumer
54270ff5,31-01-2025,South,Electronics,Chairs,407.29,295.89,10,1,Corporate
5d6628af,01-02-2025,North,Electronics,Chairs,299.59,132.1,25,4,Small Business
97b0b0e0,02-02-2025,South,Electronics,Laptops,160.81,-100.38,25,4,Corporate
84e44938,03-02-2025,North,Electronics,Chairs,273.51,-177.52,25,2,Corporate
78d15b3c,04-02-2025,East,Electronics,Laptops,31.81,-136.82,5,2,Small Business
850f3619,05-02-2025,North,Clothing,T-Shirts,587.42,81.28,20,4,Consumer
ee00779a,06-02-2025,West,Furniture,Chairs,843.81,182.58,10,4,Corporate
5033a9da,07-02-2025,West,Electronics,Laptops,553.49,270.21,10,3,Small Business
aaecfce0,08-02-2025,North,Clothing,Chairs,227.08,-192.09,10,2,Consumer
4309baa3,09-02-2025,North,Clothing,Laptops,43.33,61.38,10,2,Small Business
d412ca7d,10-02-2025,North,Clothing,Laptops,222.48,35.43,25,1,Corporate
f192cbd2,11-02-2025,North,Furniture,Chairs,421.96,128.03,10,3,Consumer
31587b51,12-02-2025,West,Electronics,T-Shirts,762.02,79.79,20,4,Consumer
ce5d31c5,13-02-2025,South,Clothing,Laptops,195.96,143.52,25,3,Small Business
0c2ca494,14-02-2025,North,Furniture,Laptops,722.59,129.04,10,4,Consumer
ae0bb733,15-02-2025,North,Furniture,Laptops,868.26,-141.49,5,4,Corporate
9af4d230,16-02-2025,West,Furniture,T-Shirts,459.41,199.86,15,3,Corporate
60a8177b,17-02-2025,West,Clothing,T-Shirts,823.22,-138.38,15,2,Corporate
99371d9d,18-02-2025,East,Electronics,Chairs,559.11,149.27,15,4,Small Business
64bea951,19-02-2025,North,Clothing,T-Shirts,640.72,8.07,25,3,Consumer
4f807fe1,20-02-2025,East,Clothing,Chairs,531.02,56.93,10,1,Consumer
03d50443,21-02-2025,West,Electronics,Chairs,468.54,251.65,25,3,Consumer
77b7fc20,22-02-2025,West,Electronics,T-Shirts,242.31,244.94,20,1,Corporate
a9ea8b2b,23-02-2025,South,Electronics,Chairs,310.16,208.93,5,4,Consumer
b0903b79,24-02-2025,North,Furniture,T-Shirts,297.07,55.07,5,3,Corporate
62bce364,25-02-2025,East,Electronics,Chairs,567.66,168.12,15,3,Consumer
dd523e5d,26-02-2025,West,Clothing,T-Shirts,128.75,56.45,15,1,Corporate
d0055d25,27-02-2025,West,Electronics,T-Shirts,917.62,234.8,15,3,Consumer
14429447,28-02-2025,East,Clothing,Chairs,723.45,1.39,10,3,Small Business
c6666c30,01-03-2025,South,Furniture,Laptops,407.43,285.12,20,4,Small Business
b0069954,02-03-2025,West,Clothing,Chairs,167.04,266.16,20,3,Corporate
333e57b7,03-03-2025,North,Clothing,T-Shirts,883.17,170.8,20,2,Corporate
84d835be,04-03-2025,West,Electronics,Laptops,825.54,-60.29,20,1,Consumer
28e6b95a,05-03-2025,North,Electronics,Chairs,724.5,-134.17,15,3,Consumer
c286d1a8,06-03-2025,East,Clothing,Chairs,278.83,227.35,5,1,Small Business
a517a81e,07-03-2025,North,Electronics,Chairs,408.42,-117.35,15,1,Consumer
62dc46c9,08-03-2025,East,Furniture,Laptops,111.72,227.13,20,1,Corporate
56e95a2b,09-03-2025,North,Furniture,T-Shirts,197.15,45.38,15,3,Corporate
a25bc174,10-03-2025,East,Electronics,Chairs,785.19,3.28,20,3,Corporate
31bd31ff,11-03-2025,North,Furniture,Chairs,717.89,251.6,25,1,Corporate
cf16932a,12-03-2025,South,Electronics,Chairs,597.55,101.93,5,2,Corporate
b3f96578,13-03-2025,North,Clothing,Chairs,896.77,88.31,25,1,Small Business
cd006da8,14-03-2025,North,Clothing,Chairs,587.43,79.38,10,2,Small Business
49556904,15-03-2025,South,Furniture,,,-14.42,,1,Corporate
85dd6de2,16-03-2025,West,Electronics,T-Shirts,346.97,192.82,10,4,Consumer
ea53a76a,17-03-2025,West,Electronics,Chairs,941.04,-73.6,15,1,Corporate
190310de,18-03-2025,North,Furniture,Laptops,91.89,269.45,25,1,Small Business
9f23fe20,19-03-2025,South,Clothing,T-Shirts,931.58,246.99,20,3,Corporate
8915bc40,20-03-2025,North,Furniture,Laptops,828.45,-31.26,20,2,Small Business
9643ec5f,21-03-2025,East,Clothing,T-Shirts,138.63,164.73,15,4,Small Business
3f739f4b,22-03-2025,East,Electronics,Chairs,569.33,86.61,20,2,Corporate
de56d1c2,23-03-2025,North,Clothing,T-Shirts,867.88,-31.18,25,4,Corporate
ab5d9505,24-03-2025,West,Furniture,Chairs,576.09,294.26,20,1,Consumer
24009532,25-03-2025,West,Electronics,T-Shirts,908.13,-187.38,25,3,Small Business
060a0e2b,26-03-2025,North,Furniture,Chairs,943.55,-73.68,10,3,Consumer
bda29845,27-03-2025,North,Furniture,Chairs,428.16,60.04,25,2,Corporate
6f388b6d,28-03-2025,East,Clothing,Chairs,383.54,60.98,5,3,Small Business
878264fb,29-03-2025,West,Furniture,Chairs,936.96,94.47,5,2,Consumer
5af5934f,30-03-2025,North,Clothing,Laptops,678.39,175.84,5,2,Consumer
9fca61dd,31-03-2025,East,Electronics,Chairs,124.86,111.74,15,4,Consumer
aecc87a3,01-04-2025,West,Clothing,Laptops,51.87,100.14,15,2,Corporate
af0acc24,02-04-2025,South,Electronics,Laptops,568.98,-173.24,15,4,Corporate
c732289c,03-04-2025,East,Clothing,Chairs,930.87,-11.73,25,3,Corporate
a98c078c,04-04-2025,West,Furniture,Laptops,845.81,-83.97,15,2,Small Business
70cb234a,05-04-2025,West,Clothing,T-Shirts,679.09,-67.31,10,2,Corporate
423571dd,06-04-2025,East,Clothing,Chairs,147.72,77.17,5,1,Small Business
657e8049,07-04-2025,South,Electronics,Laptops,261.69,-100.25,25,2,Consumer
a264cbb3,08-04-2025,East,Furniture,Chairs,876.76,-53.03,5,2,Consumer
ce950cec,09-04-2025,West,Clothing,Chairs,190.98,-81.46,15,1,Corporate
813ad31e,10-04-2025,North,Furniture,Chairs,285.66,274.25,25,1,Consumer
686cbd23,11-04-2025,North,Clothing,Laptops,138.3,272.33,20,3,Corporate
82ac476c,12-04-2025,East,Clothing,T-Shirts,679.35,104.97,10,2,Small Business
badc99ed,13-04-2025,West,Furniture,T-Shirts,944.54,262.26,15,3,Consumer
06c7b696,14-04-2025,North,Clothing,Laptops,276.28,192.91,15,3,Corporate
10b35928,15-04-2025,West,Furniture,Chairs,480.65,94.97,10,1,Consumer
d13164e0,16-04-2025,East,Clothing,Laptops,638,-196.78,10,4,Consumer
fbbcc19b,17-04-2025,North,Electronics,Laptops,999.47,186.26,20,3,Corporate
d5b3b673,18-04-2025,West,Furniture,Laptops,113.76,151.24,15,4,Consumer
b2e46277,19-04-2025,North,Clothing,Chairs,503.59,107.63,15,2,Consumer
a3433d11,20-04-2025,East,Clothing,Laptops,391.27,180.21,5,1,Consumer
fe0c9b83,21-04-2025,West,Electronics,Chairs,867.16,56.46,25,2,Consumer
4621693b,22-04-2025,North,Furniture,Laptops,481.21,152.04,25,2,Small Business
471f274a,23-04-2025,East,Clothing,T-Shirts,119.87,267.59,5,1,Consumer
945044fb,24-04-2025,North,Electronics,Laptops,638.08,-12.1,25,2,Consumer
adc5c1af,25-04-2025,North,Clothing,Laptops,773.07,154.06,10,1,Corporate
1e877f36,26-04-2025,South,Furniture,T-Shirts,12.85,37.84,25,4,Small Business
b9d816c1,27-04-2025,South,Clothing,Chairs,860.37,137.2,25,2,Corporate
eb0caf51,28-04-2025,East,Clothing,Chairs,194.16,181.45,5,1,Corporate
b72987ff,29-04-2025,South,Clothing,Laptops,556.55,-177.27,20,3,Corporate
405fa348,30-04-2025,East,Clothing,T-Shirts,421.64,123.3,25,2,Small Business
9477a6a4,01-05-2025,South,Electronics,Chairs,722.46,-86.63,25,4,Corporate
5.40E+45,02-05-2025,North,Electronics,Laptops,377.45,135.02,20,1,Corporate
5b99e0bd,03-05-2025,East,Furniture,T-Shirts,871.07,34.17,5,2,Corporate
94f0cb1d,04-05-2025,East,Electronics,Chairs,733.19,186.78,20,2,Consumer
b640302e,05-05-2025,North,Electronics,Chairs,651.24,-138.3,5,2,Corporate
de267c58,06-05-2025,East,Furniture,T-Shirts,798.28,113.16,10,4,Small Business
ed3c85e5,07-05-2025,East,Electronics,T-Shirts,756.48,-60.76,5,1,Small Business
25804663,08-05-2025,South,Electronics,,,226.49,,3,Consumer
f04f4d3c,09-05-2025,East,Furniture,T-Shirts,400.79,264.19,10,3,Small Business
21461b23,10-05-2025,West,Furniture,Laptops,931.5,298.2,5,3,Small Business
fd3f3dab,11-05-2025,North,Furniture,T-Shirts,134.47,198,15,1,Consumer
b661f919,12-05-2025,South,Clothing,Chairs,739.73,176.87,5,3,Corporate
faeaabc2,13-05-2025,South,Clothing,Chairs,974.85,-92.25,25,4,Consumer
a4323eeb,14-05-2025,West,Furniture,Laptops,61.68,-32,25,1,Corporate
96e7b066,15-05-2025,North,Furniture,Chairs,685.37,32.84,15,2,Corporate
bcb435d1,16-05-2025,North,Furniture,Chairs,473.47,186.69,10,4,Small Business
bbf338b4,17-05-2025,South,Clothing,T-Shirts,583.38,257.48,15,2,Consumer
9d85a2ab,18-05-2025,East,Clothing,Chairs,94.49,-105.43,25,3,Small Business
c1f10165,19-05-2025,South,Electronics,Laptops,52.58,261.18,15,4,Small Business
5678f3fd,20-05-2025,North,Electronics,T-Shirts,670.2,147.81,5,1,Corporate
a721717a,21-05-2025,West,Furniture,T-Shirts,825.08,105.39,15,4,Small Business
d75b1d20,22-05-2025,South,Clothing,Laptops,784.2,-100.08,10,2,Consumer
085d7d46,23-05-2025,North,Clothing,T-Shirts,548.37,-172.24,5,1,Small Business
0096a52e,24-05-2025,South,Clothing,T-Shirts,108.87,84.23,20,4,Small Business
b4384425,25-05-2025,East,Furniture,Laptops,691.16,125.76,25,4,Corporate
9f97dafd,26-05-2025,South,Electronics,T-Shirts,249.47,-94.61,25,4,Consumer
167bceae,27-05-2025,South,Furniture,Laptops,911.96,78.23,15,4,Small Business
e1602c68,28-05-2025,North,Electronics,Laptops,839.88,228.25,5,1,Corporate
7a598294,29-05-2025,North,Electronics,Chairs,712.29,217.53,20,2,Small Business
15edef04,30-05-2025,North,Furniture,Chairs,949.36,263.68,5,4,Consumer
56dec809,31-05-2025,South,Electronics,T-Shirts,41.11,-17.06,25,1,Small Business
f8ede995,01-06-2025,East,Electronics,T-Shirts,738.84,-40.98,5,2,Small Business
21b01bbd,02-06-2025,West,Clothing,Laptops,336.94,174.71,20,4,Corporate
1d8d3fbf,03-06-2025,West,Electronics,T-Shirts,907.01,15.56,15,2,Small Business
870ef7e1,04-06-2025,North,Furniture,,,-156.23,,2,Corporate
22d9a5f4,05-06-2025,North,Furniture,Laptops,727.61,-58.6,5,1,Consumer
f3000afa,06-06-2025,South,Electronics,T-Shirts,878.87,9.29,10,2,Small Business
b6ac50aa,07-06-2025,West,Clothing,Laptops,51.24,-53.74,25,1,Consumer
b433bd6f,08-06-2025,North,Clothing,Chairs,403.67,-33.9,15,4,Consumer
3035e7c9,09-06-2025,East,Electronics,T-Shirts,764.69,-53.11,15,2,Small Business
6f1cc832,10-06-2025,East,Electronics,Chairs,460.37,-179.25,5,2,Corporate
5abe90a8,11-06-2025,North,Furniture,T-Shirts,274.58,118.55,15,3,Consumer
a83cc0e1,12-06-2025,North,Electronics,Laptops,227.61,98.65,5,4,Consumer
aa928060,13-06-2025,West,Clothing,T-Shirts,140.2,126.69,5,4,Small Business
66dfda28,14-06-2025,West,Electronics,Chairs,858.56,-103.85,10,3,Small Business
df97bf82,15-06-2025,South,Furniture,Laptops,579.6,-52.17,15,3,Small Business
6567591e,16-06-2025,West,Furniture,T-Shirts,85.62,109.81,5,1,Small Business
d670bca8,17-06-2025,East,Furniture,T-Shirts,388.75,99.81,10,1,Small Business
30f2c819,18-06-2025,East,Furniture,T-Shirts,374.06,53.17,20,2,Small Business
cd6638a3,19-06-2025,North,Furniture,Chairs,189.92,-24.79,10,2,Corporate
a33e2865,20-06-2025,West,Electronics,Chairs,441.15,256.47,10,2,Consumer
bf091d25,21-06-2025,South,Electronics,T-Shirts,338.78,-30.11,5,2,Corporate
6e555d0d,22-06-2025,East,Electronics,Laptops,348.39,27.81,25,1,Corporate
0c83d765,23-06-2025,East,Electronics,Laptops,741.64,139.06,25,4,Small Business
ccd7d913,24-06-2025,South,Furniture,Chairs,231.03,71.51,25,2,Consumer
f7cfcbf6,25-06-2025,South,Clothing,Laptops,645.44,-26.56,10,4,Corporate
1717ba2e,26-06-2025,East,Electronics,Chairs,574.94,17.82,5,2,Small Business
39406c7b,27-06-2025,East,Clothing,T-Shirts,572.41,197.24,15,3,Small Business
ca3f4c9d,28-06-2025,South,Electronics,Chairs,666.38,-60.94,10,2,Consumer
0fe3c764,29-06-2025,East,Electronics,Chairs,552.9,-128.87,10,2,Corporate
556733d7,30-06-2025,North,Clothing,T-Shirts,880.46,-43.42,5,2,Corporate
db0f2a57,01-07-2025,North,Furniture,Laptops,678.82,224.77,20,1,Corporate
721fb725,02-07-2025,South,Electronics,Chairs,551.49,-155.51,10,3,Small Business
23840c71,03-07-2025,West,Electronics,Chairs,831.47,295.85,20,2,Consumer
103cdc78,04-07-2025,South,Electronics,T-Shirts,610.09,70.5,20,2,Consumer
7008efef,05-07-2025,South,Clothing,Laptops,298.23,292.42,25,4,Corporate
7600a96f,06-07-2025,West,Furniture,Chairs,215.02,269.5,5,3,Small Business
b9345b47,07-07-2025,West,Clothing,,,26.41,,2,Corporate
c2429037,08-07-2025,West,Clothing,Chairs,900.46,-100.75,5,4,Consumer
571250d7,09-07-2025,North,Furniture,T-Shirts,713.03,-117.56,25,4,Small Business
9edb7e65,10-07-2025,East,Clothing,Laptops,938,-80.01,5,1,Corporate
51226093,11-07-2025,North,Furniture,Laptops,607.26,155.07,10,4,Corporate
68660dfe,12-07-2025,East,Electronics,Laptops,478.67,-63.53,20,2,Small Business
6f272206,13-07-2025,North,Furniture,Laptops,69.12,-29.29,5,1,Consumer
c1f128e5,14-07-2025,East,Electronics,Chairs,674.93,24.39,15,1,Small Business
e4f6458f,15-07-2025,North,Clothing,Chairs,586.39,256.62,5,2,Corporate
593b6c78,16-07-2025,West,Clothing,Laptops,990.31,-105.3,20,3,Corporate
f1fec4c1,17-07-2025,South,Electronics,Laptops,246.77,-197.49,25,4,Corporate
7fd3fc16,18-07-2025,North,Clothing,Laptops,535.43,-169.95,25,1,Corporate
b3174db8,19-07-2025,East,Furniture,Chairs,654.45,252.38,20,3,Consumer
794cc38e,20-07-2025,West,Electronics,Laptops,648.15,123.76,10,2,Consumer
a921d7e9,21-07-2025,North,Clothing,Laptops,565.68,-63.48,10,4,Corporate
74d32555,22-07-2025,North,Electronics,Laptops,779.16,-111.4,25,4,Consumer
502cec2c,23-07-2025,West,Furniture,T-Shirts,212.93,-52.87,25,1,Consumer
04daf807,24-07-2025,North,Furniture,Laptops,728.37,-142.6,20,4,Consumer
8ffef726,25-07-2025,South,Clothing,T-Shirts,623.54,270.77,10,4,Corporate
187c2c9f,26-07-2025,North,Furniture,T-Shirts,897.11,192.1,25,4,Small Business
233bfad5,27-07-2025,South,Electronics,Laptops,848.72,31.2,10,4,Small Business
8aad148f,28-07-2025,South,Furniture,T-Shirts,322,232.48,25,2,Small Business
ce6810b2,29-07-2025,West,Electronics,Laptops,283.47,-75.27,5,3,Corporate
d2eb6782,30-07-2025,North,Electronics,Chairs,981.84,158.56,15,2,Consumer
ef760906,31-07-2025,West,Furniture,Chairs,531.99,228.07,5,2,Consumer
c1a0ca0b,01-08-2025,North,Clothing,Chairs,907.36,-21.62,25,1,Corporate
22d012ac,02-08-2025,North,Furniture,Chairs,172.24,178.73,15,4,Corporate
92db0940,03-08-2025,East,Electronics,T-Shirts,646.39,-52.46,15,2,Small Business
05b2dc4c,04-08-2025,North,Electronics,Laptops,811.76,-50.57,25,4,Small Business
b4239f77,05-08-2025,West,Furniture,Laptops,947.92,-146.47,25,2,Corporate
f31ca64c,06-08-2025,South,Clothing,Laptops,343.97,20.03,10,2,Small Business
036be84c,07-08-2025,North,Clothing,Chairs,727.73,164.86,25,1,Consumer
d7b75445,08-08-2025,East,Electronics,Chairs,543.42,270.11,20,3,Corporate
14f00df1,09-08-2025,West,Electronics,Laptops,70.02,101.9,25,3,Corporate
752866ce,10-08-2025,North,Clothing,Chairs,693.1,231.57,20,2,Consumer
5f3bed8b,11-08-2025,West,Furniture,Laptops,693.2,211.25,25,1,Consumer
149ddf26,12-08-2025,East,Electronics,Laptops,931.3,-113.33,10,4,Consumer
892e48ff,13-08-2025,East,Electronics,Laptops,502.34,42.91,20,4,Small Business
b106e2a0,14-08-2025,West,Clothing,Laptops,237.95,-141.54,5,2,Corporate
c4ee6df6,15-08-2025,North,Furniture,Laptops,54.12,141.08,20,3,Small Business
893eaf87,16-08-2025,South,Clothing,Laptops,421.49,274.95,10,1,Consumer
47cf0027,17-08-2025,East,Furniture,,,-131.46,,3,Small Business
f45792ff,18-08-2025,North,Furniture,Chairs,763.48,166.94,25,4,Consumer
f60f6bd6,19-08-2025,North,Furniture,Laptops,360.73,116.12,25,3,Small Business
b9a6ce33,20-08-2025,South,Electronics,Laptops,949.58,91.8,10,4,Small Business
39fd5458,21-08-2025,East,Clothing,Chairs,962.69,-4.94,15,1,Consumer
90d0a7da,22-08-2025,East,Clothing,Chairs,624.7,-22.43,25,1,Small Business
fb317e85,23-08-2025,North,Furniture,Chairs,929.37,-177.38,5,2,Corporate
8bf97b00,24-08-2025,North,Electronics,Laptops,763.25,-91.05,10,2,Small Business
54574df2,25-08-2025,South,Electronics,T-Shirts,551.39,-192.41,20,3,Small Business
b8e3f388,26-08-2025,South,Clothing,T-Shirts,188.5,90.71,20,1,Corporate
3b0ca572,27-08-2025,East,Electronics,Chairs,464.01,-147.07,5,1,Consumer
01f5caad,28-08-2025,West,Electronics,T-Shirts,565.27,236.51,25,2,Corporate
e47157d7,29-08-2025,East,Furniture,Chairs,865.32,61.57,10,4,Small Business
1de22e30,30-08-2025,North,Electronics,Laptops,486.52,149.84,5,3,Consumer
bbbb0107,31-08-2025,East,Furniture,T-Shirts,898.7,5.43,25,3,Small Business
991392aa,01-09-2025,West,Clothing,Laptops,677.61,80.29,10,2,Small Business
ff47e0d6,02-09-2025,South,Electronics,T-Shirts,145.63,271.33,20,1,Corporate
b242801f,03-09-2025,West,Clothing,Laptops,995.03,-158.63,10,2,Corporate
4910cbec,04-09-2025,West,Clothing,T-Shirts,531.96,-73.03,15,2,Consumer
e01728bc,05-09-2025,West,Electronics,Laptops,397.94,189.99,10,2,Consumer
cb36ef21,06-09-2025,South,Electronics,Laptops,662.52,-150.63,15,2,Consumer
1ea2216c,07-09-2025,West,Clothing,T-Shirts,117.8,-162.17,10,4,Small Business
0d2b299d,08-09-2025,West,Electronics,Laptops,640.17,-19.23,15,4,Corporate
f3b20a0b,09-09-2025,West,Furniture,Laptops,503.25,-153.92,20,1,Corporate
78630815,10-09-2025,North,Furniture,Laptops,412.61,92.54,25,2,Corporate
516e78c9,11-09-2025,West,Electronics,T-Shirts,953.49,-86.86,15,4,Consumer
aa05fa70,12-09-2025,South,Clothing,T-Shirts,527.31,247.85,15,1,Corporate
0937799c,13-09-2025,West,Electronics,Laptops,226.93,191.75,20,2,Corporate
f248fdb5,14-09-2025,West,Electronics,Laptops,464.37,149.85,15,3,Corporate
050b7a39,15-09-2025,South,Clothing,T-Shirts,920.19,108.47,5,4,Consumer
c04c497e,16-09-2025,West,Clothing,T-Shirts,184.33,231.73,20,1,Corporate
656920c3,17-09-2025,South,Furniture,Laptops,221.82,-88.47,5,3,Consumer
5cd9a3cc,18-09-2025,West,Clothing,Laptops,22.9,236.55,20,2,Corporate
e9f865c7,19-09-2025,South,Furniture,Laptops,24.05,194.75,15,2,Corporate
f57725bd,20-09-2025,West,Clothing,Chairs,831.1,174.08,5,2,Corporate
a60fd493,21-09-2025,West,Electronics,T-Shirts,734.8,80.63,15,4,Consumer
34bb50cf,22-09-2025,North,Furniture,Chairs,361.49,-76.88,20,1,Consumer
23942d47,23-09-2025,North,Furniture,T-Shirts,701.33,11.77,15,3,Corporate
00c4b772,24-09-2025,West,Furniture,T-Shirts,401.25,196.79,5,1,Small Business
fe81e769,25-09-2025,West,Electronics,T-Shirts,953.37,-184.11,5,4,Consumer
e9526203,26-09-2025,East,Electronics,,,191.03,,1,Consumer
